event_id,summary,description,start,end
1,운동,,2024-12-23 08:00:00,2024-12-23 10:00:00
2,공부,,2024-12-23 10:00:00,2024-12-23 11:00:00
3,공원,,2024-12-23 11:00:00,2024-12-23 14:00:00
4,운동,,2024-12-23 14:00:00,2024-12-23 15:00:00
5,공부,,2024-12-23 15:00:00,2024-12-23 16:00:00
6,공원,,2024-12-23 16:00:00,2024-12-23 19:00:00
7,운동,,2024-12-23 19:00:00,2024-12-23 22:00:00
8,기타,,2024-12-23 19:00:00,2024-12-23 22:00:00
9,공부,,2024-12-23 22:00:00,2024-12-24 00:00:00
10,점심식사,,2024-12-23 12:00:00,2024-12-23 13:00:00
11,저녁식사,,2024-12-23 18:00:00,2024-12-23 19:00:00
12,스포츠,,2024-12-24 08:00:00,2024-12-24 11:00:00
13,공부,,2024-12-24 11:00:00,2024-12-24 13:00:00
14,실내활동,,2024-12-24 13:00:00,2024-12-24 15:00:00
15,스포츠,,2024-12-24 15:00:00,2024-12-24 18:00:00
16,저녁식사,,2024-12-24 18:00:00,2024-12-24 19:00:00
17,공부,,2024-12-24 19:00:00,2024-12-24 22:00:00
18,실내활동,,2024-12-24 22:00:00,2024-12-25 00:00:00
19,점심식사,,2024-12-24 12:00:00,2024-12-24 13:00:00
20,관람,,2024-12-25 08:00:00,2024-12-25 10:00:00
21,기타,,2024-12-25 08:00:00,2024-12-25 10:00:00
22,운동,,2024-12-25 10:00:00,2024-12-25 11:00:00
23,실내활동,,2024-12-25 11:00:00,2024-12-25 13:00:00
24,관람,,2024-12-25 13:00:00,2024-12-25 15:00:00
25,운동,,2024-12-25 15:00:00,2024-12-25 17:00:00
26,실내활동,,2024-12-25 17:00:00,2024-12-25 20:00:00
27,기타,,2024-12-25 17:00:00,2024-12-25 20:00:00
28,관람,,2024-12-25 20:00:00,2024-12-25 22:00:00
29,기타,,2024-12-25 20:00:00,2024-12-25 22:00:00
30,운동,,2024-12-25 22:00:00,2024-12-26 00:00:00
31,점심식사,,2024-12-25 12:00:00,2024-12-25 13:00:00
32,저녁식사,,2024-12-25 18:00:00,2024-12-25 19:00:00
33,운동,,2024-12-26 08:00:00,2024-12-26 10:00:00
34,공부,,2024-12-26 10:00:00,2024-12-26 13:00:00
35,공원,,2024-12-26 13:00:00,2024-12-26 16:00:00
36,운동,,2024-12-26 16:00:00,2024-12-26 19:00:00
37,공부,,2024-12-26 19:00:00,2024-12-26 20:00:00
38,공원,,2024-12-26 20:00:00,2024-12-26 23:00:00
39,운동,,2024-12-26 23:00:00,2024-12-27 00:00:00
40,점심식사,,2024-12-26 12:00:00,2024-12-26 13:00:00
41,저녁식사,,2024-12-26 18:00:00,2024-12-26 19:00:00
42,스포츠,,2024-12-27 08:00:00,2024-12-27 11:00:00
43,공부,,2024-12-27 11:00:00,2024-12-27 14:00:00
44,실내활동,,2024-12-27 14:00:00,2024-12-27 16:00:00
45,스포츠,,2024-12-27 16:00:00,2024-12-27 17:00:00
46,공부,,2024-12-27 17:00:00,2024-12-27 19:00:00
47,실내활동,,2024-12-27 19:00:00,2024-12-27 20:00:00
48,스포츠,,2024-12-27 20:00:00,2024-12-27 21:00:00
49,공부,,2024-12-27 21:00:00,2024-12-27 22:00:00
50,실내활동,,2024-12-27 22:00:00,2024-12-28 00:00:00
51,기타,,2024-12-27 22:00:00,2024-12-28 00:00:00
52,점심식사,,2024-12-27 12:00:00,2024-12-27 13:00:00
53,저녁식사,,2024-12-27 18:00:00,2024-12-27 19:00:00
54,관람,,2024-12-28 08:00:00,2024-12-28 10:00:00
55,운동,,2024-12-28 10:00:00,2024-12-28 13:00:00
56,기타,,2024-12-28 10:00:00,2024-12-28 13:00:00
57,실내활동,,2024-12-28 13:00:00,2024-12-28 15:00:00
58,관람,,2024-12-28 15:00:00,2024-12-28 17:00:00
59,기타,,2024-12-28 15:00:00,2024-12-28 17:00:00
60,운동,,2024-12-28 17:00:00,2024-12-28 19:00:00
61,실내활동,,2024-12-28 19:00:00,2024-12-28 20:00:00
62,관람,,2024-12-28 20:00:00,2024-12-28 23:00:00
63,운동,,2024-12-28 23:00:00,2024-12-29 00:00:00
64,점심식사,,2024-12-28 12:00:00,2024-12-28 13:00:00
65,저녁식사,,2024-12-28 18:00:00,2024-12-28 19:00:00
66,스포츠,,2024-12-29 08:00:00,2024-12-29 10:00:00
67,공부,,2024-12-29 10:00:00,2024-12-29 13:00:00
68,실내활동,,2024-12-29 13:00:00,2024-12-29 16:00:00
69,스포츠,,2024-12-29 16:00:00,2024-12-29 18:00:00
70,저녁식사,,2024-12-29 18:00:00,2024-12-29 19:00:00
71,공부,,2024-12-29 19:00:00,2024-12-29 21:00:00
72,실내활동,,2024-12-29 21:00:00,2024-12-29 22:00:00
73,스포츠,,2024-12-29 22:00:00,2024-12-30 00:00:00
74,점심식사,,2024-12-29 12:00:00,2024-12-29 13:00:00
75,운동,,2024-12-30 08:00:00,2024-12-30 10:00:00
76,공부,,2024-12-30 10:00:00,2024-12-30 12:00:00
77,점심식사,,2024-12-30 12:00:00,2024-12-30 13:00:00
78,공원,,2024-12-30 13:00:00,2024-12-30 15:00:00
79,운동,,2024-12-30 15:00:00,2024-12-30 17:00:00
80,공부,,2024-12-30 17:00:00,2024-12-30 20:00:00
81,공원,,2024-12-30 20:00:00,2024-12-30 23:00:00
82,운동,,2024-12-30 23:00:00,2024-12-31 00:00:00
83,저녁식사,,2024-12-30 18:00:00,2024-12-30 19:00:00
84,스포츠,,2024-12-31 08:00:00,2024-12-31 10:00:00
85,공부,,2024-12-31 10:00:00,2024-12-31 12:00:00
86,점심식사,,2024-12-31 12:00:00,2024-12-31 13:00:00
87,실내활동,,2024-12-31 13:00:00,2024-12-31 14:00:00
88,스포츠,,2024-12-31 14:00:00,2024-12-31 16:00:00
89,공부,,2024-12-31 16:00:00,2024-12-31 19:00:00
90,실내활동,,2024-12-31 19:00:00,2024-12-31 22:00:00
91,스포츠,,2024-12-31 22:00:00,2024-12-31 23:00:00
92,공부,,2024-12-31 23:00:00,2025-01-01 00:00:00
93,기타,,2024-12-31 23:00:00,2025-01-01 00:00:00
94,저녁식사,,2024-12-31 18:00:00,2024-12-31 19:00:00
95,관람,,2025-01-01 08:00:00,2025-01-01 10:00:00
96,운동,,2025-01-01 10:00:00,2025-01-01 12:00:00
97,점심식사,,2025-01-01 12:00:00,2025-01-01 13:00:00
98,실내활동,,2025-01-01 13:00:00,2025-01-01 14:00:00
99,관람,,2025-01-01 14:00:00,2025-01-01 17:00:00
100,운동,,2025-01-01 17:00:00,2025-01-01 20:00:00
101,실내활동,,2025-01-01 20:00:00,2025-01-01 21:00:00
102,관람,,2025-01-01 21:00:00,2025-01-02 00:00:00
103,저녁식사,,2025-01-01 18:00:00,2025-01-01 19:00:00
104,운동,,2025-01-02 08:00:00,2025-01-02 09:00:00
105,공부,,2025-01-02 09:00:00,2025-01-02 10:00:00
106,공원,,2025-01-02 10:00:00,2025-01-02 11:00:00
107,운동,,2025-01-02 11:00:00,2025-01-02 13:00:00
108,공부,,2025-01-02 13:00:00,2025-01-02 16:00:00
109,공원,,2025-01-02 16:00:00,2025-01-02 19:00:00
110,운동,,2025-01-02 19:00:00,2025-01-02 20:00:00
111,공부,,2025-01-02 20:00:00,2025-01-02 22:00:00
112,공원,,2025-01-02 22:00:00,2025-01-03 00:00:00
113,기타,,2025-01-02 22:00:00,2025-01-03 00:00:00
114,점심식사,,2025-01-02 12:00:00,2025-01-02 13:00:00
115,저녁식사,,2025-01-02 18:00:00,2025-01-02 19:00:00
116,스포츠,,2025-01-03 08:00:00,2025-01-03 09:00:00
117,공부,,2025-01-03 09:00:00,2025-01-03 10:00:00
118,실내활동,,2025-01-03 10:00:00,2025-01-03 13:00:00
119,스포츠,,2025-01-03 13:00:00,2025-01-03 16:00:00
120,공부,,2025-01-03 16:00:00,2025-01-03 17:00:00
121,실내활동,,2025-01-03 17:00:00,2025-01-03 18:00:00
122,기타,,2025-01-03 17:00:00,2025-01-03 18:00:00
123,저녁식사,,2025-01-03 18:00:00,2025-01-03 19:00:00
124,스포츠,,2025-01-03 19:00:00,2025-01-03 21:00:00
125,공부,,2025-01-03 21:00:00,2025-01-03 22:00:00
126,실내활동,,2025-01-03 22:00:00,2025-01-04 00:00:00
127,점심식사,,2025-01-03 12:00:00,2025-01-03 13:00:00
128,관람,,2025-01-04 08:00:00,2025-01-04 09:00:00
129,운동,,2025-01-04 09:00:00,2025-01-04 12:00:00
130,점심식사,,2025-01-04 12:00:00,2025-01-04 13:00:00
131,실내활동,,2025-01-04 13:00:00,2025-01-04 16:00:00
132,관람,,2025-01-04 16:00:00,2025-01-04 17:00:00
133,운동,,2025-01-04 17:00:00,2025-01-04 20:00:00
134,실내활동,,2025-01-04 20:00:00,2025-01-04 23:00:00
135,관람,,2025-01-04 23:00:00,2025-01-05 00:00:00
136,저녁식사,,2025-01-04 18:00:00,2025-01-04 19:00:00
137,스포츠,,2025-01-05 08:00:00,2025-01-05 09:00:00
138,공부,,2025-01-05 09:00:00,2025-01-05 10:00:00
139,실내활동,,2025-01-05 10:00:00,2025-01-05 13:00:00
140,스포츠,,2025-01-05 13:00:00,2025-01-05 15:00:00
141,공부,,2025-01-05 15:00:00,2025-01-05 16:00:00
142,실내활동,,2025-01-05 16:00:00,2025-01-05 18:00:00
143,저녁식사,,2025-01-05 18:00:00,2025-01-05 19:00:00
144,스포츠,,2025-01-05 19:00:00,2025-01-05 21:00:00
145,공부,,2025-01-05 21:00:00,2025-01-05 23:00:00
146,실내활동,,2025-01-05 23:00:00,2025-01-06 00:00:00
147,점심식사,,2025-01-05 12:00:00,2025-01-05 13:00:00
148,운동,,2025-01-06 08:00:00,2025-01-06 11:00:00
149,공부,,2025-01-06 11:00:00,2025-01-06 12:00:00
150,점심식사,,2025-01-06 12:00:00,2025-01-06 13:00:00
151,공원,,2025-01-06 13:00:00,2025-01-06 16:00:00
152,운동,,2025-01-06 16:00:00,2025-01-06 18:00:00
153,저녁식사,,2025-01-06 18:00:00,2025-01-06 19:00:00
154,공부,,2025-01-06 19:00:00,2025-01-06 21:00:00
155,공원,,2025-01-06 21:00:00,2025-01-06 22:00:00
156,운동,,2025-01-06 22:00:00,2025-01-06 23:00:00
157,공부,,2025-01-06 23:00:00,2025-01-07 00:00:00
158,스포츠,,2025-01-07 08:00:00,2025-01-07 10:00:00
159,공부,,2025-01-07 10:00:00,2025-01-07 12:00:00
160,점심식사,,2025-01-07 12:00:00,2025-01-07 13:00:00
161,실내활동,,2025-01-07 13:00:00,2025-01-07 14:00:00
162,스포츠,,2025-01-07 14:00:00,2025-01-07 17:00:00
163,공부,,2025-01-07 17:00:00,2025-01-07 19:00:00
164,실내활동,,2025-01-07 19:00:00,2025-01-07 20:00:00
165,스포츠,,2025-01-07 20:00:00,2025-01-07 22:00:00
166,공부,,2025-01-07 22:00:00,2025-01-08 00:00:00
167,저녁식사,,2025-01-07 18:00:00,2025-01-07 19:00:00
168,관람,,2025-01-08 08:00:00,2025-01-08 10:00:00
169,운동,,2025-01-08 10:00:00,2025-01-08 13:00:00
170,실내활동,,2025-01-08 13:00:00,2025-01-08 14:00:00
171,관람,,2025-01-08 14:00:00,2025-01-08 16:00:00
172,운동,,2025-01-08 16:00:00,2025-01-08 18:00:00
173,저녁식사,,2025-01-08 18:00:00,2025-01-08 19:00:00
174,실내활동,,2025-01-08 19:00:00,2025-01-08 20:00:00
175,기타,,2025-01-08 19:00:00,2025-01-08 20:00:00
176,관람,,2025-01-08 20:00:00,2025-01-08 22:00:00
177,운동,,2025-01-08 22:00:00,2025-01-09 00:00:00
178,점심식사,,2025-01-08 12:00:00,2025-01-08 13:00:00
179,운동,,2025-01-09 08:00:00,2025-01-09 10:00:00
180,공부,,2025-01-09 10:00:00,2025-01-09 12:00:00
181,점심식사,,2025-01-09 12:00:00,2025-01-09 13:00:00
182,공원,,2025-01-09 13:00:00,2025-01-09 14:00:00
183,운동,,2025-01-09 14:00:00,2025-01-09 17:00:00
184,공부,,2025-01-09 17:00:00,2025-01-09 20:00:00
185,공원,,2025-01-09 20:00:00,2025-01-09 22:00:00
186,운동,,2025-01-09 22:00:00,2025-01-09 23:00:00
187,공부,,2025-01-09 23:00:00,2025-01-10 00:00:00
188,저녁식사,,2025-01-09 18:00:00,2025-01-09 19:00:00
189,스포츠,,2025-01-10 08:00:00,2025-01-10 09:00:00
190,공부,,2025-01-10 09:00:00,2025-01-10 10:00:00
191,실내활동,,2025-01-10 10:00:00,2025-01-10 12:00:00
192,점심식사,,2025-01-10 12:00:00,2025-01-10 13:00:00
193,스포츠,,2025-01-10 13:00:00,2025-01-10 15:00:00
194,공부,,2025-01-10 15:00:00,2025-01-10 18:00:00
195,저녁식사,,2025-01-10 18:00:00,2025-01-10 19:00:00
196,실내활동,,2025-01-10 19:00:00,2025-01-10 22:00:00
197,스포츠,,2025-01-10 22:00:00,2025-01-11 00:00:00
198,기타,,2025-01-10 22:00:00,2025-01-11 00:00:00
199,관람,,2025-01-11 08:00:00,2025-01-11 11:00:00
200,운동,,2025-01-11 11:00:00,2025-01-11 13:00:00
201,실내활동,,2025-01-11 13:00:00,2025-01-11 16:00:00
202,기타,,2025-01-11 13:00:00,2025-01-11 16:00:00
203,관람,,2025-01-11 16:00:00,2025-01-11 18:00:00
204,저녁식사,,2025-01-11 18:00:00,2025-01-11 19:00:00
205,운동,,2025-01-11 19:00:00,2025-01-11 20:00:00
206,기타,,2025-01-11 19:00:00,2025-01-11 20:00:00
207,실내활동,,2025-01-11 20:00:00,2025-01-11 22:00:00
208,기타,,2025-01-11 20:00:00,2025-01-11 22:00:00
209,관람,,2025-01-11 22:00:00,2025-01-11 23:00:00
210,운동,,2025-01-11 23:00:00,2025-01-12 00:00:00
211,점심식사,,2025-01-11 12:00:00,2025-01-11 13:00:00
212,스포츠,,2025-01-12 08:00:00,2025-01-12 09:00:00
213,공부,,2025-01-12 09:00:00,2025-01-12 11:00:00
214,실내활동,,2025-01-12 11:00:00,2025-01-12 12:00:00
215,점심식사,,2025-01-12 12:00:00,2025-01-12 13:00:00
216,스포츠,,2025-01-12 13:00:00,2025-01-12 16:00:00
217,공부,,2025-01-12 16:00:00,2025-01-12 17:00:00
218,실내활동,,2025-01-12 17:00:00,2025-01-12 19:00:00
219,스포츠,,2025-01-12 19:00:00,2025-01-12 20:00:00
220,공부,,2025-01-12 20:00:00,2025-01-12 23:00:00
221,실내활동,,2025-01-12 23:00:00,2025-01-13 00:00:00
222,저녁식사,,2025-01-12 18:00:00,2025-01-12 19:00:00
223,운동,,2025-01-13 08:00:00,2025-01-13 09:00:00
224,기타,,2025-01-13 08:00:00,2025-01-13 09:00:00
225,공부,,2025-01-13 09:00:00,2025-01-13 12:00:00
226,점심식사,,2025-01-13 12:00:00,2025-01-13 13:00:00
227,공원,,2025-01-13 13:00:00,2025-01-13 16:00:00
228,운동,,2025-01-13 16:00:00,2025-01-13 18:00:00
229,기타,,2025-01-13 16:00:00,2025-01-13 18:00:00
230,저녁식사,,2025-01-13 18:00:00,2025-01-13 19:00:00
231,공부,,2025-01-13 19:00:00,2025-01-13 22:00:00
232,공원,,2025-01-13 22:00:00,2025-01-14 00:00:00
233,스포츠,,2025-01-14 08:00:00,2025-01-14 09:00:00
234,공부,,2025-01-14 09:00:00,2025-01-14 11:00:00
235,실내활동,,2025-01-14 11:00:00,2025-01-14 14:00:00
236,스포츠,,2025-01-14 14:00:00,2025-01-14 17:00:00
237,공부,,2025-01-14 17:00:00,2025-01-14 20:00:00
238,실내활동,,2025-01-14 20:00:00,2025-01-14 23:00:00
239,스포츠,,2025-01-14 23:00:00,2025-01-15 00:00:00
240,기타,,2025-01-14 23:00:00,2025-01-15 00:00:00
241,점심식사,,2025-01-14 12:00:00,2025-01-14 13:00:00
242,저녁식사,,2025-01-14 18:00:00,2025-01-14 19:00:00
243,관람,,2025-01-15 08:00:00,2025-01-15 11:00:00
244,운동,,2025-01-15 11:00:00,2025-01-15 12:00:00
245,점심식사,,2025-01-15 12:00:00,2025-01-15 13:00:00
246,실내활동,,2025-01-15 13:00:00,2025-01-15 15:00:00
247,관람,,2025-01-15 15:00:00,2025-01-15 17:00:00
248,운동,,2025-01-15 17:00:00,2025-01-15 19:00:00
249,실내활동,,2025-01-15 19:00:00,2025-01-15 20:00:00
250,관람,,2025-01-15 20:00:00,2025-01-15 22:00:00
251,운동,,2025-01-15 22:00:00,2025-01-16 00:00:00
252,저녁식사,,2025-01-15 18:00:00,2025-01-15 19:00:00
253,운동,,2025-01-16 08:00:00,2025-01-16 10:00:00
254,공부,,2025-01-16 10:00:00,2025-01-16 13:00:00
255,공원,,2025-01-16 13:00:00,2025-01-16 14:00:00
256,운동,,2025-01-16 14:00:00,2025-01-16 17:00:00
257,공부,,2025-01-16 17:00:00,2025-01-16 20:00:00
258,공원,,2025-01-16 20:00:00,2025-01-16 22:00:00
259,운동,,2025-01-16 22:00:00,2025-01-17 00:00:00
260,점심식사,,2025-01-16 12:00:00,2025-01-16 13:00:00
261,저녁식사,,2025-01-16 18:00:00,2025-01-16 19:00:00
262,스포츠,,2025-01-17 08:00:00,2025-01-17 11:00:00
263,공부,,2025-01-17 11:00:00,2025-01-17 12:00:00
264,점심식사,,2025-01-17 12:00:00,2025-01-17 13:00:00
265,실내활동,,2025-01-17 13:00:00,2025-01-17 16:00:00
266,스포츠,,2025-01-17 16:00:00,2025-01-17 17:00:00
267,기타,,2025-01-17 16:00:00,2025-01-17 17:00:00
268,공부,,2025-01-17 17:00:00,2025-01-17 20:00:00
269,실내활동,,2025-01-17 20:00:00,2025-01-17 22:00:00
270,스포츠,,2025-01-17 22:00:00,2025-01-18 00:00:00
271,저녁식사,,2025-01-17 18:00:00,2025-01-17 19:00:00
272,관람,,2025-01-18 08:00:00,2025-01-18 09:00:00
273,운동,,2025-01-18 09:00:00,2025-01-18 12:00:00
274,점심식사,,2025-01-18 12:00:00,2025-01-18 13:00:00
275,실내활동,,2025-01-18 13:00:00,2025-01-18 14:00:00
276,관람,,2025-01-18 14:00:00,2025-01-18 17:00:00
277,운동,,2025-01-18 17:00:00,2025-01-18 19:00:00
278,기타,,2025-01-18 17:00:00,2025-01-18 19:00:00
279,실내활동,,2025-01-18 19:00:00,2025-01-18 21:00:00
280,관람,,2025-01-18 21:00:00,2025-01-18 22:00:00
281,운동,,2025-01-18 22:00:00,2025-01-18 23:00:00
282,실내활동,,2025-01-18 23:00:00,2025-01-19 00:00:00
283,저녁식사,,2025-01-18 18:00:00,2025-01-18 19:00:00
284,스포츠,,2025-01-19 08:00:00,2025-01-19 10:00:00
285,공부,,2025-01-19 10:00:00,2025-01-19 13:00:00
286,실내활동,,2025-01-19 13:00:00,2025-01-19 14:00:00
287,스포츠,,2025-01-19 14:00:00,2025-01-19 16:00:00
288,공부,,2025-01-19 16:00:00,2025-01-19 17:00:00
289,기타,,2025-01-19 16:00:00,2025-01-19 17:00:00
290,실내활동,,2025-01-19 17:00:00,2025-01-19 19:00:00
291,스포츠,,2025-01-19 19:00:00,2025-01-19 21:00:00
292,기타,,2025-01-19 19:00:00,2025-01-19 21:00:00
293,공부,,2025-01-19 21:00:00,2025-01-19 23:00:00
294,실내활동,,2025-01-19 23:00:00,2025-01-20 00:00:00
295,점심식사,,2025-01-19 12:00:00,2025-01-19 13:00:00
296,저녁식사,,2025-01-19 18:00:00,2025-01-19 19:00:00
297,운동,,2025-01-20 08:00:00,2025-01-20 09:00:00
298,공부,,2025-01-20 09:00:00,2025-01-20 10:00:00
299,공원,,2025-01-20 10:00:00,2025-01-20 13:00:00
300,운동,,2025-01-20 13:00:00,2025-01-20 14:00:00
301,공부,,2025-01-20 14:00:00,2025-01-20 15:00:00
302,공원,,2025-01-20 15:00:00,2025-01-20 18:00:00
303,저녁식사,,2025-01-20 18:00:00,2025-01-20 19:00:00
304,운동,,2025-01-20 19:00:00,2025-01-20 22:00:00
305,공부,,2025-01-20 22:00:00,2025-01-21 00:00:00
306,점심식사,,2025-01-20 12:00:00,2025-01-20 13:00:00
307,스포츠,,2025-01-21 08:00:00,2025-01-21 09:00:00
308,공부,,2025-01-21 09:00:00,2025-01-21 10:00:00
309,실내활동,,2025-01-21 10:00:00,2025-01-21 12:00:00
310,점심식사,,2025-01-21 12:00:00,2025-01-21 13:00:00
311,스포츠,,2025-01-21 13:00:00,2025-01-21 15:00:00
312,공부,,2025-01-21 15:00:00,2025-01-21 16:00:00
313,실내활동,,2025-01-21 16:00:00,2025-01-21 19:00:00
314,스포츠,,2025-01-21 19:00:00,2025-01-21 20:00:00
315,공부,,2025-01-21 20:00:00,2025-01-21 21:00:00
316,실내활동,,2025-01-21 21:00:00,2025-01-21 23:00:00
317,스포츠,,2025-01-21 23:00:00,2025-01-22 00:00:00
318,기타,,2025-01-21 23:00:00,2025-01-22 00:00:00
319,저녁식사,,2025-01-21 18:00:00,2025-01-21 19:00:00
320,관람,,2025-01-22 08:00:00,2025-01-22 11:00:00
321,운동,,2025-01-22 11:00:00,2025-01-22 13:00:00
322,실내활동,,2025-01-22 13:00:00,2025-01-22 16:00:00
323,관람,,2025-01-22 16:00:00,2025-01-22 17:00:00
324,운동,,2025-01-22 17:00:00,2025-01-22 19:00:00
325,기타,,2025-01-22 17:00:00,2025-01-22 19:00:00
326,실내활동,,2025-01-22 19:00:00,2025-01-22 21:00:00
327,관람,,2025-01-22 21:00:00,2025-01-22 23:00:00
328,운동,,2025-01-22 23:00:00,2025-01-23 00:00:00
329,점심식사,,2025-01-22 12:00:00,2025-01-22 13:00:00
330,저녁식사,,2025-01-22 18:00:00,2025-01-22 19:00:00
331,운동,,2025-01-23 08:00:00,2025-01-23 11:00:00
332,공부,,2025-01-23 11:00:00,2025-01-23 14:00:00
333,공원,,2025-01-23 14:00:00,2025-01-23 15:00:00
334,운동,,2025-01-23 15:00:00,2025-01-23 18:00:00
335,저녁식사,,2025-01-23 18:00:00,2025-01-23 19:00:00
336,공부,,2025-01-23 19:00:00,2025-01-23 20:00:00
337,공원,,2025-01-23 20:00:00,2025-01-23 21:00:00
338,운동,,2025-01-23 21:00:00,2025-01-23 23:00:00
339,공부,,2025-01-23 23:00:00,2025-01-24 00:00:00
340,점심식사,,2025-01-23 12:00:00,2025-01-23 13:00:00
341,스포츠,,2025-01-24 08:00:00,2025-01-24 09:00:00
342,공부,,2025-01-24 09:00:00,2025-01-24 11:00:00
343,실내활동,,2025-01-24 11:00:00,2025-01-24 14:00:00
344,스포츠,,2025-01-24 14:00:00,2025-01-24 16:00:00
345,공부,,2025-01-24 16:00:00,2025-01-24 17:00:00
346,실내활동,,2025-01-24 17:00:00,2025-01-24 19:00:00
347,스포츠,,2025-01-24 19:00:00,2025-01-24 22:00:00
348,공부,,2025-01-24 22:00:00,2025-01-24 23:00:00
349,실내활동,,2025-01-24 23:00:00,2025-01-25 00:00:00
350,기타,,2025-01-24 23:00:00,2025-01-25 00:00:00
351,점심식사,,2025-01-24 12:00:00,2025-01-24 13:00:00
352,저녁식사,,2025-01-24 18:00:00,2025-01-24 19:00:00
353,관람,,2025-01-25 08:00:00,2025-01-25 10:00:00
354,운동,,2025-01-25 10:00:00,2025-01-25 13:00:00
355,실내활동,,2025-01-25 13:00:00,2025-01-25 16:00:00
356,관람,,2025-01-25 16:00:00,2025-01-25 19:00:00
357,기타,,2025-01-25 16:00:00,2025-01-25 19:00:00
358,운동,,2025-01-25 19:00:00,2025-01-25 22:00:00
359,실내활동,,2025-01-25 22:00:00,2025-01-25 23:00:00
360,관람,,2025-01-25 23:00:00,2025-01-26 00:00:00
361,점심식사,,2025-01-25 12:00:00,2025-01-25 13:00:00
362,저녁식사,,2025-01-25 18:00:00,2025-01-25 19:00:00
363,스포츠,,2025-01-26 08:00:00,2025-01-26 09:00:00
364,공부,,2025-01-26 09:00:00,2025-01-26 10:00:00
365,실내활동,,2025-01-26 10:00:00,2025-01-26 12:00:00
366,점심식사,,2025-01-26 12:00:00,2025-01-26 13:00:00
367,스포츠,,2025-01-26 13:00:00,2025-01-26 14:00:00
368,공부,,2025-01-26 14:00:00,2025-01-26 17:00:00
369,실내활동,,2025-01-26 17:00:00,2025-01-26 20:00:00
370,스포츠,,2025-01-26 20:00:00,2025-01-26 22:00:00
371,공부,,2025-01-26 22:00:00,2025-01-27 00:00:00
372,저녁식사,,2025-01-26 18:00:00,2025-01-26 19:00:00
373,운동,,2025-01-27 08:00:00,2025-01-27 11:00:00
374,공부,,2025-01-27 11:00:00,2025-01-27 13:00:00
375,기타,,2025-01-27 11:00:00,2025-01-27 13:00:00
376,공원,,2025-01-27 13:00:00,2025-01-27 16:00:00
377,운동,,2025-01-27 16:00:00,2025-01-27 19:00:00
378,기타,,2025-01-27 16:00:00,2025-01-27 19:00:00
379,공부,,2025-01-27 19:00:00,2025-01-27 22:00:00
380,공원,,2025-01-27 22:00:00,2025-01-28 00:00:00
381,점심식사,,2025-01-27 12:00:00,2025-01-27 13:00:00
382,저녁식사,,2025-01-27 18:00:00,2025-01-27 19:00:00
383,스포츠,,2025-01-28 08:00:00,2025-01-28 10:00:00
384,공부,,2025-01-28 10:00:00,2025-01-28 11:00:00
385,실내활동,,2025-01-28 11:00:00,2025-01-28 14:00:00
386,스포츠,,2025-01-28 14:00:00,2025-01-28 16:00:00
387,공부,,2025-01-28 16:00:00,2025-01-28 18:00:00
388,저녁식사,,2025-01-28 18:00:00,2025-01-28 19:00:00
389,실내활동,,2025-01-28 19:00:00,2025-01-28 20:00:00
390,스포츠,,2025-01-28 20:00:00,2025-01-28 22:00:00
391,공부,,2025-01-28 22:00:00,2025-01-28 23:00:00
392,실내활동,,2025-01-28 23:00:00,2025-01-29 00:00:00
393,점심식사,,2025-01-28 12:00:00,2025-01-28 13:00:00
394,관람,,2025-01-29 08:00:00,2025-01-29 09:00:00
395,운동,,2025-01-29 09:00:00,2025-01-29 11:00:00
396,실내활동,,2025-01-29 11:00:00,2025-01-29 12:00:00
397,점심식사,,2025-01-29 12:00:00,2025-01-29 13:00:00
398,관람,,2025-01-29 13:00:00,2025-01-29 16:00:00
399,운동,,2025-01-29 16:00:00,2025-01-29 19:00:00
400,실내활동,,2025-01-29 19:00:00,2025-01-29 22:00:00
401,관람,,2025-01-29 22:00:00,2025-01-30 00:00:00
402,저녁식사,,2025-01-29 18:00:00,2025-01-29 19:00:00
403,운동,,2025-01-30 08:00:00,2025-01-30 10:00:00
404,공부,,2025-01-30 10:00:00,2025-01-30 11:00:00
405,공원,,2025-01-30 11:00:00,2025-01-30 14:00:00
406,운동,,2025-01-30 14:00:00,2025-01-30 15:00:00
407,공부,,2025-01-30 15:00:00,2025-01-30 18:00:00
408,저녁식사,,2025-01-30 18:00:00,2025-01-30 19:00:00
409,공원,,2025-01-30 19:00:00,2025-01-30 21:00:00
410,운동,,2025-01-30 21:00:00,2025-01-31 00:00:00
411,점심식사,,2025-01-30 12:00:00,2025-01-30 13:00:00
412,스포츠,,2025-01-31 08:00:00,2025-01-31 09:00:00
413,공부,,2025-01-31 09:00:00,2025-01-31 10:00:00
414,실내활동,,2025-01-31 10:00:00,2025-01-31 11:00:00
415,스포츠,,2025-01-31 11:00:00,2025-01-31 14:00:00
416,기타,,2025-01-31 11:00:00,2025-01-31 14:00:00
417,공부,,2025-01-31 14:00:00,2025-01-31 15:00:00
418,실내활동,,2025-01-31 15:00:00,2025-01-31 16:00:00
419,스포츠,,2025-01-31 16:00:00,2025-01-31 18:00:00
420,저녁식사,,2025-01-31 18:00:00,2025-01-31 19:00:00
421,공부,,2025-01-31 19:00:00,2025-01-31 21:00:00
422,실내활동,,2025-01-31 21:00:00,2025-02-01 00:00:00
423,점심식사,,2025-01-31 12:00:00,2025-01-31 13:00:00
424,관람,,2025-02-01 08:00:00,2025-02-01 09:00:00
425,운동,,2025-02-01 09:00:00,2025-02-01 12:00:00
426,점심식사,,2025-02-01 12:00:00,2025-02-01 13:00:00
427,실내활동,,2025-02-01 13:00:00,2025-02-01 14:00:00
428,기타,,2025-02-01 13:00:00,2025-02-01 14:00:00
429,관람,,2025-02-01 14:00:00,2025-02-01 17:00:00
430,운동,,2025-02-01 17:00:00,2025-02-01 18:00:00
431,기타,,2025-02-01 17:00:00,2025-02-01 18:00:00
432,저녁식사,,2025-02-01 18:00:00,2025-02-01 19:00:00
433,실내활동,,2025-02-01 19:00:00,2025-02-01 20:00:00
434,관람,,2025-02-01 20:00:00,2025-02-01 23:00:00
435,운동,,2025-02-01 23:00:00,2025-02-02 00:00:00
436,스포츠,,2025-02-02 08:00:00,2025-02-02 11:00:00
437,공부,,2025-02-02 11:00:00,2025-02-02 12:00:00
438,점심식사,,2025-02-02 12:00:00,2025-02-02 13:00:00
439,실내활동,,2025-02-02 13:00:00,2025-02-02 16:00:00
440,스포츠,,2025-02-02 16:00:00,2025-02-02 18:00:00
441,저녁식사,,2025-02-02 18:00:00,2025-02-02 19:00:00
442,공부,,2025-02-02 19:00:00,2025-02-02 20:00:00
443,실내활동,,2025-02-02 20:00:00,2025-02-02 22:00:00
444,스포츠,,2025-02-02 22:00:00,2025-02-02 23:00:00
445,공부,,2025-02-02 23:00:00,2025-02-03 00:00:00
446,운동,,2025-02-03 08:00:00,2025-02-03 09:00:00
447,공부,,2025-02-03 09:00:00,2025-02-03 10:00:00
448,공원,,2025-02-03 10:00:00,2025-02-03 12:00:00
449,점심식사,,2025-02-03 12:00:00,2025-02-03 13:00:00
450,운동,,2025-02-03 13:00:00,2025-02-03 14:00:00
451,기타,,2025-02-03 13:00:00,2025-02-03 14:00:00
452,공부,,2025-02-03 14:00:00,2025-02-03 16:00:00
453,공원,,2025-02-03 16:00:00,2025-02-03 19:00:00
454,운동,,2025-02-03 19:00:00,2025-02-03 22:00:00
455,공부,,2025-02-03 22:00:00,2025-02-04 00:00:00
456,저녁식사,,2025-02-03 18:00:00,2025-02-03 19:00:00
457,스포츠,,2025-02-04 08:00:00,2025-02-04 11:00:00
458,공부,,2025-02-04 11:00:00,2025-02-04 13:00:00
459,실내활동,,2025-02-04 13:00:00,2025-02-04 15:00:00
460,스포츠,,2025-02-04 15:00:00,2025-02-04 18:00:00
461,저녁식사,,2025-02-04 18:00:00,2025-02-04 19:00:00
462,공부,,2025-02-04 19:00:00,2025-02-04 20:00:00
463,실내활동,,2025-02-04 20:00:00,2025-02-04 23:00:00
464,스포츠,,2025-02-04 23:00:00,2025-02-05 00:00:00
465,점심식사,,2025-02-04 12:00:00,2025-02-04 13:00:00
466,관람,,2025-02-05 08:00:00,2025-02-05 10:00:00
467,운동,,2025-02-05 10:00:00,2025-02-05 11:00:00
468,실내활동,,2025-02-05 11:00:00,2025-02-05 14:00:00
469,관람,,2025-02-05 14:00:00,2025-02-05 15:00:00
470,운동,,2025-02-05 15:00:00,2025-02-05 16:00:00
471,실내활동,,2025-02-05 16:00:00,2025-02-05 19:00:00
472,관람,,2025-02-05 19:00:00,2025-02-05 20:00:00
473,운동,,2025-02-05 20:00:00,2025-02-05 21:00:00
474,실내활동,,2025-02-05 21:00:00,2025-02-05 23:00:00
475,기타,,2025-02-05 21:00:00,2025-02-05 23:00:00
476,관람,,2025-02-05 23:00:00,2025-02-06 00:00:00
477,점심식사,,2025-02-05 12:00:00,2025-02-05 13:00:00
478,저녁식사,,2025-02-05 18:00:00,2025-02-05 19:00:00
479,운동,,2025-02-06 08:00:00,2025-02-06 10:00:00
480,공부,,2025-02-06 10:00:00,2025-02-06 13:00:00
481,공원,,2025-02-06 13:00:00,2025-02-06 16:00:00
482,운동,,2025-02-06 16:00:00,2025-02-06 18:00:00
483,저녁식사,,2025-02-06 18:00:00,2025-02-06 19:00:00
484,공부,,2025-02-06 19:00:00,2025-02-06 21:00:00
485,공원,,2025-02-06 21:00:00,2025-02-07 00:00:00
486,점심식사,,2025-02-06 12:00:00,2025-02-06 13:00:00
487,스포츠,,2025-02-07 08:00:00,2025-02-07 09:00:00
488,공부,,2025-02-07 09:00:00,2025-02-07 12:00:00
489,점심식사,,2025-02-07 12:00:00,2025-02-07 13:00:00
490,실내활동,,2025-02-07 13:00:00,2025-02-07 16:00:00
491,스포츠,,2025-02-07 16:00:00,2025-02-07 18:00:00
492,기타,,2025-02-07 16:00:00,2025-02-07 18:00:00
493,저녁식사,,2025-02-07 18:00:00,2025-02-07 19:00:00
494,공부,,2025-02-07 19:00:00,2025-02-07 20:00:00
495,실내활동,,2025-02-07 20:00:00,2025-02-07 22:00:00
496,스포츠,,2025-02-07 22:00:00,2025-02-08 00:00:00
497,기타,,2025-02-07 22:00:00,2025-02-08 00:00:00
498,관람,,2025-02-08 08:00:00,2025-02-08 11:00:00
499,기타,,2025-02-08 08:00:00,2025-02-08 11:00:00
500,운동,,2025-02-08 11:00:00,2025-02-08 12:00:00
501,점심식사,,2025-02-08 12:00:00,2025-02-08 13:00:00
502,실내활동,,2025-02-08 13:00:00,2025-02-08 15:00:00
503,관람,,2025-02-08 15:00:00,2025-02-08 18:00:00
504,저녁식사,,2025-02-08 18:00:00,2025-02-08 19:00:00
505,운동,,2025-02-08 19:00:00,2025-02-08 20:00:00
506,실내활동,,2025-02-08 20:00:00,2025-02-08 22:00:00
507,관람,,2025-02-08 22:00:00,2025-02-09 00:00:00
508,스포츠,,2025-02-09 08:00:00,2025-02-09 11:00:00
509,공부,,2025-02-09 11:00:00,2025-02-09 13:00:00
510,실내활동,,2025-02-09 13:00:00,2025-02-09 16:00:00
511,스포츠,,2025-02-09 16:00:00,2025-02-09 19:00:00
512,공부,,2025-02-09 19:00:00,2025-02-09 20:00:00
513,실내활동,,2025-02-09 20:00:00,2025-02-09 23:00:00
514,스포츠,,2025-02-09 23:00:00,2025-02-10 00:00:00
515,점심식사,,2025-02-09 12:00:00,2025-02-09 13:00:00
516,저녁식사,,2025-02-09 18:00:00,2025-02-09 19:00:00
517,운동,,2025-02-10 08:00:00,2025-02-10 09:00:00
518,공부,,2025-02-10 09:00:00,2025-02-10 12:00:00
519,점심식사,,2025-02-10 12:00:00,2025-02-10 13:00:00
520,공원,,2025-02-10 13:00:00,2025-02-10 16:00:00
521,운동,,2025-02-10 16:00:00,2025-02-10 18:00:00
522,저녁식사,,2025-02-10 18:00:00,2025-02-10 19:00:00
523,공부,,2025-02-10 19:00:00,2025-02-10 21:00:00
524,공원,,2025-02-10 21:00:00,2025-02-10 23:00:00
525,운동,,2025-02-10 23:00:00,2025-02-11 00:00:00
526,스포츠,,2025-02-11 08:00:00,2025-02-11 10:00:00
527,공부,,2025-02-11 10:00:00,2025-02-11 12:00:00
528,점심식사,,2025-02-11 12:00:00,2025-02-11 13:00:00
529,실내활동,,2025-02-11 13:00:00,2025-02-11 16:00:00
530,스포츠,,2025-02-11 16:00:00,2025-02-11 17:00:00
531,공부,,2025-02-11 17:00:00,2025-02-11 18:00:00
532,저녁식사,,2025-02-11 18:00:00,2025-02-11 19:00:00
533,실내활동,,2025-02-11 19:00:00,2025-02-11 20:00:00
534,스포츠,,2025-02-11 20:00:00,2025-02-11 21:00:00
535,공부,,2025-02-11 21:00:00,2025-02-12 00:00:00
536,관람,,2025-02-12 08:00:00,2025-02-12 10:00:00
537,운동,,2025-02-12 10:00:00,2025-02-12 12:00:00
538,점심식사,,2025-02-12 12:00:00,2025-02-12 13:00:00
539,실내활동,,2025-02-12 13:00:00,2025-02-12 14:00:00
540,관람,,2025-02-12 14:00:00,2025-02-12 16:00:00
541,운동,,2025-02-12 16:00:00,2025-02-12 18:00:00
542,저녁식사,,2025-02-12 18:00:00,2025-02-12 19:00:00
543,실내활동,,2025-02-12 19:00:00,2025-02-12 20:00:00
544,관람,,2025-02-12 20:00:00,2025-02-12 21:00:00
545,운동,,2025-02-12 21:00:00,2025-02-13 00:00:00
546,운동,,2025-02-13 08:00:00,2025-02-13 11:00:00
547,공부,,2025-02-13 11:00:00,2025-02-13 12:00:00
548,점심식사,,2025-02-13 12:00:00,2025-02-13 13:00:00
549,공원,,2025-02-13 13:00:00,2025-02-13 14:00:00
550,운동,,2025-02-13 14:00:00,2025-02-13 17:00:00
551,공부,,2025-02-13 17:00:00,2025-02-13 20:00:00
552,공원,,2025-02-13 20:00:00,2025-02-13 21:00:00
553,운동,,2025-02-13 21:00:00,2025-02-14 00:00:00
554,저녁식사,,2025-02-13 18:00:00,2025-02-13 19:00:00
555,스포츠,,2025-02-14 08:00:00,2025-02-14 11:00:00
556,공부,,2025-02-14 11:00:00,2025-02-14 13:00:00
557,실내활동,,2025-02-14 13:00:00,2025-02-14 15:00:00
558,스포츠,,2025-02-14 15:00:00,2025-02-14 16:00:00
559,공부,,2025-02-14 16:00:00,2025-02-14 18:00:00
560,저녁식사,,2025-02-14 18:00:00,2025-02-14 19:00:00
561,실내활동,,2025-02-14 19:00:00,2025-02-14 20:00:00
562,스포츠,,2025-02-14 20:00:00,2025-02-14 22:00:00
563,공부,,2025-02-14 22:00:00,2025-02-15 00:00:00
564,점심식사,,2025-02-14 12:00:00,2025-02-14 13:00:00
565,관람,,2025-02-15 08:00:00,2025-02-15 10:00:00
566,운동,,2025-02-15 10:00:00,2025-02-15 11:00:00
567,실내활동,,2025-02-15 11:00:00,2025-02-15 12:00:00
568,점심식사,,2025-02-15 12:00:00,2025-02-15 13:00:00
569,관람,,2025-02-15 13:00:00,2025-02-15 14:00:00
570,운동,,2025-02-15 14:00:00,2025-02-15 16:00:00
571,실내활동,,2025-02-15 16:00:00,2025-02-15 18:00:00
572,저녁식사,,2025-02-15 18:00:00,2025-02-15 19:00:00
573,관람,,2025-02-15 19:00:00,2025-02-15 21:00:00
574,운동,,2025-02-15 21:00:00,2025-02-15 22:00:00
575,실내활동,,2025-02-15 22:00:00,2025-02-16 00:00:00
576,스포츠,,2025-02-16 08:00:00,2025-02-16 10:00:00
577,공부,,2025-02-16 10:00:00,2025-02-16 11:00:00
578,실내활동,,2025-02-16 11:00:00,2025-02-16 12:00:00
579,점심식사,,2025-02-16 12:00:00,2025-02-16 13:00:00
580,스포츠,,2025-02-16 13:00:00,2025-02-16 16:00:00
581,공부,,2025-02-16 16:00:00,2025-02-16 18:00:00
582,저녁식사,,2025-02-16 18:00:00,2025-02-16 19:00:00
583,실내활동,,2025-02-16 19:00:00,2025-02-16 20:00:00
584,스포츠,,2025-02-16 20:00:00,2025-02-16 23:00:00
585,공부,,2025-02-16 23:00:00,2025-02-17 00:00:00
586,운동,,2025-02-17 08:00:00,2025-02-17 10:00:00
587,공부,,2025-02-17 10:00:00,2025-02-17 12:00:00
588,점심식사,,2025-02-17 12:00:00,2025-02-17 13:00:00
589,공원,,2025-02-17 13:00:00,2025-02-17 15:00:00
590,운동,,2025-02-17 15:00:00,2025-02-17 18:00:00
591,저녁식사,,2025-02-17 18:00:00,2025-02-17 19:00:00
592,공부,,2025-02-17 19:00:00,2025-02-17 20:00:00
593,공원,,2025-02-17 20:00:00,2025-02-17 22:00:00
594,운동,,2025-02-17 22:00:00,2025-02-18 00:00:00
595,스포츠,,2025-02-18 08:00:00,2025-02-18 09:00:00
596,공부,,2025-02-18 09:00:00,2025-02-18 12:00:00
597,점심식사,,2025-02-18 12:00:00,2025-02-18 13:00:00
598,실내활동,,2025-02-18 13:00:00,2025-02-18 15:00:00
599,스포츠,,2025-02-18 15:00:00,2025-02-18 16:00:00
600,공부,,2025-02-18 16:00:00,2025-02-18 18:00:00
601,저녁식사,,2025-02-18 18:00:00,2025-02-18 19:00:00
602,실내활동,,2025-02-18 19:00:00,2025-02-18 22:00:00
603,스포츠,,2025-02-18 22:00:00,2025-02-18 23:00:00
604,공부,,2025-02-18 23:00:00,2025-02-19 00:00:00
605,관람,,2025-02-19 08:00:00,2025-02-19 09:00:00
606,운동,,2025-02-19 09:00:00,2025-02-19 10:00:00
607,실내활동,,2025-02-19 10:00:00,2025-02-19 13:00:00
608,관람,,2025-02-19 13:00:00,2025-02-19 16:00:00
609,운동,,2025-02-19 16:00:00,2025-02-19 17:00:00
610,실내활동,,2025-02-19 17:00:00,2025-02-19 19:00:00
611,관람,,2025-02-19 19:00:00,2025-02-19 21:00:00
612,운동,,2025-02-19 21:00:00,2025-02-19 23:00:00
613,실내활동,,2025-02-19 23:00:00,2025-02-20 00:00:00
614,점심식사,,2025-02-19 12:00:00,2025-02-19 13:00:00
615,저녁식사,,2025-02-19 18:00:00,2025-02-19 19:00:00
616,운동,,2025-02-20 08:00:00,2025-02-20 11:00:00
617,공부,,2025-02-20 11:00:00,2025-02-20 13:00:00
618,공원,,2025-02-20 13:00:00,2025-02-20 15:00:00
619,운동,,2025-02-20 15:00:00,2025-02-20 16:00:00
620,공부,,2025-02-20 16:00:00,2025-02-20 19:00:00
621,공원,,2025-02-20 19:00:00,2025-02-20 21:00:00
622,운동,,2025-02-20 21:00:00,2025-02-21 00:00:00
623,점심식사,,2025-02-20 12:00:00,2025-02-20 13:00:00
624,저녁식사,,2025-02-20 18:00:00,2025-02-20 19:00:00
625,스포츠,,2025-02-21 08:00:00,2025-02-21 11:00:00
626,공부,,2025-02-21 11:00:00,2025-02-21 14:00:00
627,실내활동,,2025-02-21 14:00:00,2025-02-21 15:00:00
628,스포츠,,2025-02-21 15:00:00,2025-02-21 17:00:00
629,공부,,2025-02-21 17:00:00,2025-02-21 19:00:00
630,실내활동,,2025-02-21 19:00:00,2025-02-21 22:00:00
631,스포츠,,2025-02-21 22:00:00,2025-02-22 00:00:00
632,점심식사,,2025-02-21 12:00:00,2025-02-21 13:00:00
633,저녁식사,,2025-02-21 18:00:00,2025-02-21 19:00:00
634,관람,,2025-02-22 08:00:00,2025-02-22 09:00:00
635,운동,,2025-02-22 09:00:00,2025-02-22 11:00:00
636,실내활동,,2025-02-22 11:00:00,2025-02-22 12:00:00
637,점심식사,,2025-02-22 12:00:00,2025-02-22 13:00:00
638,관람,,2025-02-22 13:00:00,2025-02-22 15:00:00
639,운동,,2025-02-22 15:00:00,2025-02-22 16:00:00
640,실내활동,,2025-02-22 16:00:00,2025-02-22 18:00:00
641,저녁식사,,2025-02-22 18:00:00,2025-02-22 19:00:00
642,관람,,2025-02-22 19:00:00,2025-02-22 22:00:00
643,운동,,2025-02-22 22:00:00,2025-02-23 00:00:00
644,스포츠,,2025-02-23 08:00:00,2025-02-23 10:00:00
645,공부,,2025-02-23 10:00:00,2025-02-23 11:00:00
646,실내활동,,2025-02-23 11:00:00,2025-02-23 14:00:00
647,스포츠,,2025-02-23 14:00:00,2025-02-23 16:00:00
648,공부,,2025-02-23 16:00:00,2025-02-23 17:00:00
649,실내활동,,2025-02-23 17:00:00,2025-02-23 18:00:00
650,저녁식사,,2025-02-23 18:00:00,2025-02-23 19:00:00
651,스포츠,,2025-02-23 19:00:00,2025-02-23 22:00:00
652,공부,,2025-02-23 22:00:00,2025-02-24 00:00:00
653,점심식사,,2025-02-23 12:00:00,2025-02-23 13:00:00
654,운동,,2025-02-24 08:00:00,2025-02-24 11:00:00
655,공부,,2025-02-24 11:00:00,2025-02-24 13:00:00
656,공원,,2025-02-24 13:00:00,2025-02-24 15:00:00
657,운동,,2025-02-24 15:00:00,2025-02-24 17:00:00
658,공부,,2025-02-24 17:00:00,2025-02-24 18:00:00
659,저녁식사,,2025-02-24 18:00:00,2025-02-24 19:00:00
660,공원,,2025-02-24 19:00:00,2025-02-24 22:00:00
661,운동,,2025-02-24 22:00:00,2025-02-24 23:00:00
662,공부,,2025-02-24 23:00:00,2025-02-25 00:00:00
663,점심식사,,2025-02-24 12:00:00,2025-02-24 13:00:00
664,스포츠,,2025-02-25 08:00:00,2025-02-25 11:00:00
665,공부,,2025-02-25 11:00:00,2025-02-25 12:00:00
666,점심식사,,2025-02-25 12:00:00,2025-02-25 13:00:00
667,실내활동,,2025-02-25 13:00:00,2025-02-25 15:00:00
668,스포츠,,2025-02-25 15:00:00,2025-02-25 17:00:00
669,공부,,2025-02-25 17:00:00,2025-02-25 19:00:00
670,실내활동,,2025-02-25 19:00:00,2025-02-25 22:00:00
671,스포츠,,2025-02-25 22:00:00,2025-02-26 00:00:00
672,저녁식사,,2025-02-25 18:00:00,2025-02-25 19:00:00
673,관람,,2025-02-26 08:00:00,2025-02-26 09:00:00
674,운동,,2025-02-26 09:00:00,2025-02-26 10:00:00
675,실내활동,,2025-02-26 10:00:00,2025-02-26 12:00:00
676,점심식사,,2025-02-26 12:00:00,2025-02-26 13:00:00
677,관람,,2025-02-26 13:00:00,2025-02-26 14:00:00
678,운동,,2025-02-26 14:00:00,2025-02-26 15:00:00
679,실내활동,,2025-02-26 15:00:00,2025-02-26 16:00:00
680,관람,,2025-02-26 16:00:00,2025-02-26 17:00:00
681,운동,,2025-02-26 17:00:00,2025-02-26 19:00:00
682,실내활동,,2025-02-26 19:00:00,2025-02-26 22:00:00
683,관람,,2025-02-26 22:00:00,2025-02-27 00:00:00
684,저녁식사,,2025-02-26 18:00:00,2025-02-26 19:00:00
685,운동,,2025-02-27 08:00:00,2025-02-27 09:00:00
686,공부,,2025-02-27 09:00:00,2025-02-27 10:00:00
687,공원,,2025-02-27 10:00:00,2025-02-27 13:00:00
688,운동,,2025-02-27 13:00:00,2025-02-27 16:00:00
689,공부,,2025-02-27 16:00:00,2025-02-27 17:00:00
690,공원,,2025-02-27 17:00:00,2025-02-27 18:00:00
691,저녁식사,,2025-02-27 18:00:00,2025-02-27 19:00:00
692,운동,,2025-02-27 19:00:00,2025-02-27 22:00:00
693,공부,,2025-02-27 22:00:00,2025-02-27 23:00:00
694,공원,,2025-02-27 23:00:00,2025-02-28 00:00:00
695,점심식사,,2025-02-27 12:00:00,2025-02-27 13:00:00
696,스포츠,,2025-02-28 08:00:00,2025-02-28 10:00:00
697,공부,,2025-02-28 10:00:00,2025-02-28 13:00:00
698,실내활동,,2025-02-28 13:00:00,2025-02-28 16:00:00
699,스포츠,,2025-02-28 16:00:00,2025-02-28 18:00:00
700,저녁식사,,2025-02-28 18:00:00,2025-02-28 19:00:00
701,공부,,2025-02-28 19:00:00,2025-02-28 21:00:00
702,실내활동,,2025-02-28 21:00:00,2025-03-01 00:00:00
703,점심식사,,2025-02-28 12:00:00,2025-02-28 13:00:00
704,관람,,2025-03-01 08:00:00,2025-03-01 10:00:00
705,운동,,2025-03-01 10:00:00,2025-03-01 11:00:00
706,실내활동,,2025-03-01 11:00:00,2025-03-01 14:00:00
707,관람,,2025-03-01 14:00:00,2025-03-01 17:00:00
708,운동,,2025-03-01 17:00:00,2025-03-01 18:00:00
709,저녁식사,,2025-03-01 18:00:00,2025-03-01 19:00:00
710,실내활동,,2025-03-01 19:00:00,2025-03-01 20:00:00
711,관람,,2025-03-01 20:00:00,2025-03-01 23:00:00
712,운동,,2025-03-01 23:00:00,2025-03-02 00:00:00
713,점심식사,,2025-03-01 12:00:00,2025-03-01 13:00:00
714,스포츠,,2025-03-02 08:00:00,2025-03-02 09:00:00
715,공부,,2025-03-02 09:00:00,2025-03-02 12:00:00
716,점심식사,,2025-03-02 12:00:00,2025-03-02 13:00:00
717,실내활동,,2025-03-02 13:00:00,2025-03-02 15:00:00
718,스포츠,,2025-03-02 15:00:00,2025-03-02 18:00:00
719,저녁식사,,2025-03-02 18:00:00,2025-03-02 19:00:00
720,공부,,2025-03-02 19:00:00,2025-03-02 22:00:00
721,실내활동,,2025-03-02 22:00:00,2025-03-03 00:00:00
722,운동,,2025-03-03 08:00:00,2025-03-03 09:00:00
723,공부,,2025-03-03 09:00:00,2025-03-03 11:00:00
724,공원,,2025-03-03 11:00:00,2025-03-03 13:00:00
725,운동,,2025-03-03 13:00:00,2025-03-03 16:00:00
726,공부,,2025-03-03 16:00:00,2025-03-03 18:00:00
727,저녁식사,,2025-03-03 18:00:00,2025-03-03 19:00:00
728,공원,,2025-03-03 19:00:00,2025-03-03 22:00:00
729,운동,,2025-03-03 22:00:00,2025-03-04 00:00:00
730,점심식사,,2025-03-03 12:00:00,2025-03-03 13:00:00
731,스포츠,,2025-03-04 08:00:00,2025-03-04 10:00:00
732,공부,,2025-03-04 10:00:00,2025-03-04 13:00:00
733,실내활동,,2025-03-04 13:00:00,2025-03-04 15:00:00
734,스포츠,,2025-03-04 15:00:00,2025-03-04 17:00:00
735,공부,,2025-03-04 17:00:00,2025-03-04 18:00:00
736,저녁식사,,2025-03-04 18:00:00,2025-03-04 19:00:00
737,실내활동,,2025-03-04 19:00:00,2025-03-04 20:00:00
738,스포츠,,2025-03-04 20:00:00,2025-03-04 22:00:00
739,공부,,2025-03-04 22:00:00,2025-03-05 00:00:00
740,점심식사,,2025-03-04 12:00:00,2025-03-04 13:00:00
741,관람,,2025-03-05 08:00:00,2025-03-05 09:00:00
742,운동,,2025-03-05 09:00:00,2025-03-05 12:00:00
743,점심식사,,2025-03-05 12:00:00,2025-03-05 13:00:00
744,실내활동,,2025-03-05 13:00:00,2025-03-05 16:00:00
745,관람,,2025-03-05 16:00:00,2025-03-05 17:00:00
746,운동,,2025-03-05 17:00:00,2025-03-05 19:00:00
747,실내활동,,2025-03-05 19:00:00,2025-03-05 20:00:00
748,관람,,2025-03-05 20:00:00,2025-03-05 23:00:00
749,운동,,2025-03-05 23:00:00,2025-03-06 00:00:00
750,저녁식사,,2025-03-05 18:00:00,2025-03-05 19:00:00
751,운동,,2025-03-06 08:00:00,2025-03-06 10:00:00
752,공부,,2025-03-06 10:00:00,2025-03-06 13:00:00
753,공원,,2025-03-06 13:00:00,2025-03-06 14:00:00
754,운동,,2025-03-06 14:00:00,2025-03-06 17:00:00
755,공부,,2025-03-06 17:00:00,2025-03-06 19:00:00
756,공원,,2025-03-06 19:00:00,2025-03-06 21:00:00
757,운동,,2025-03-06 21:00:00,2025-03-07 00:00:00
758,점심식사,,2025-03-06 12:00:00,2025-03-06 13:00:00
759,저녁식사,,2025-03-06 18:00:00,2025-03-06 19:00:00
760,스포츠,,2025-03-07 08:00:00,2025-03-07 10:00:00
761,공부,,2025-03-07 10:00:00,2025-03-07 13:00:00
762,실내활동,,2025-03-07 13:00:00,2025-03-07 14:00:00
763,스포츠,,2025-03-07 14:00:00,2025-03-07 17:00:00
764,공부,,2025-03-07 17:00:00,2025-03-07 19:00:00
765,실내활동,,2025-03-07 19:00:00,2025-03-07 20:00:00
766,스포츠,,2025-03-07 20:00:00,2025-03-07 21:00:00
767,공부,,2025-03-07 21:00:00,2025-03-08 00:00:00
768,점심식사,,2025-03-07 12:00:00,2025-03-07 13:00:00
769,저녁식사,,2025-03-07 18:00:00,2025-03-07 19:00:00
770,관람,,2025-03-08 08:00:00,2025-03-08 11:00:00
771,운동,,2025-03-08 11:00:00,2025-03-08 12:00:00
772,점심식사,,2025-03-08 12:00:00,2025-03-08 13:00:00
773,실내활동,,2025-03-08 13:00:00,2025-03-08 14:00:00
774,관람,,2025-03-08 14:00:00,2025-03-08 16:00:00
775,운동,,2025-03-08 16:00:00,2025-03-08 17:00:00
776,실내활동,,2025-03-08 17:00:00,2025-03-08 18:00:00
777,저녁식사,,2025-03-08 18:00:00,2025-03-08 19:00:00
778,관람,,2025-03-08 19:00:00,2025-03-08 20:00:00
779,운동,,2025-03-08 20:00:00,2025-03-08 22:00:00
780,실내활동,,2025-03-08 22:00:00,2025-03-08 23:00:00
781,관람,,2025-03-08 23:00:00,2025-03-09 00:00:00
782,스포츠,,2025-03-09 08:00:00,2025-03-09 10:00:00
783,공부,,2025-03-09 10:00:00,2025-03-09 11:00:00
784,실내활동,,2025-03-09 11:00:00,2025-03-09 14:00:00
785,스포츠,,2025-03-09 14:00:00,2025-03-09 17:00:00
786,공부,,2025-03-09 17:00:00,2025-03-09 20:00:00
787,실내활동,,2025-03-09 20:00:00,2025-03-09 21:00:00
788,스포츠,,2025-03-09 21:00:00,2025-03-10 00:00:00
789,점심식사,,2025-03-09 12:00:00,2025-03-09 13:00:00
790,저녁식사,,2025-03-09 18:00:00,2025-03-09 19:00:00
791,운동,,2025-03-10 08:00:00,2025-03-10 10:00:00
792,공부,,2025-03-10 10:00:00,2025-03-10 12:00:00
793,점심식사,,2025-03-10 12:00:00,2025-03-10 13:00:00
794,공원,,2025-03-10 13:00:00,2025-03-10 14:00:00
795,운동,,2025-03-10 14:00:00,2025-03-10 15:00:00
796,공부,,2025-03-10 15:00:00,2025-03-10 18:00:00
797,저녁식사,,2025-03-10 18:00:00,2025-03-10 19:00:00
798,공원,,2025-03-10 19:00:00,2025-03-10 21:00:00
799,운동,,2025-03-10 21:00:00,2025-03-10 23:00:00
800,공부,,2025-03-10 23:00:00,2025-03-11 00:00:00
801,스포츠,,2025-03-11 08:00:00,2025-03-11 11:00:00
802,공부,,2025-03-11 11:00:00,2025-03-11 13:00:00
803,실내활동,,2025-03-11 13:00:00,2025-03-11 16:00:00
804,스포츠,,2025-03-11 16:00:00,2025-03-11 18:00:00
805,저녁식사,,2025-03-11 18:00:00,2025-03-11 19:00:00
806,공부,,2025-03-11 19:00:00,2025-03-11 22:00:00
807,실내활동,,2025-03-11 22:00:00,2025-03-12 00:00:00
808,점심식사,,2025-03-11 12:00:00,2025-03-11 13:00:00
809,관람,,2025-03-12 08:00:00,2025-03-12 11:00:00
810,운동,,2025-03-12 11:00:00,2025-03-12 12:00:00
811,점심식사,,2025-03-12 12:00:00,2025-03-12 13:00:00
812,실내활동,,2025-03-12 13:00:00,2025-03-12 15:00:00
813,관람,,2025-03-12 15:00:00,2025-03-12 17:00:00
814,운동,,2025-03-12 17:00:00,2025-03-12 18:00:00
815,저녁식사,,2025-03-12 18:00:00,2025-03-12 19:00:00
816,실내활동,,2025-03-12 19:00:00,2025-03-12 22:00:00
817,관람,,2025-03-12 22:00:00,2025-03-12 23:00:00
818,운동,,2025-03-12 23:00:00,2025-03-13 00:00:00
819,운동,,2025-03-13 08:00:00,2025-03-13 11:00:00
820,공부,,2025-03-13 11:00:00,2025-03-13 13:00:00
821,공원,,2025-03-13 13:00:00,2025-03-13 15:00:00
822,운동,,2025-03-13 15:00:00,2025-03-13 17:00:00
823,공부,,2025-03-13 17:00:00,2025-03-13 19:00:00
824,공원,,2025-03-13 19:00:00,2025-03-13 20:00:00
825,운동,,2025-03-13 20:00:00,2025-03-13 22:00:00
826,공부,,2025-03-13 22:00:00,2025-03-14 00:00:00
827,점심식사,,2025-03-13 12:00:00,2025-03-13 13:00:00
828,저녁식사,,2025-03-13 18:00:00,2025-03-13 19:00:00
829,스포츠,,2025-03-14 08:00:00,2025-03-14 11:00:00
830,공부,,2025-03-14 11:00:00,2025-03-14 13:00:00
831,실내활동,,2025-03-14 13:00:00,2025-03-14 15:00:00
832,스포츠,,2025-03-14 15:00:00,2025-03-14 17:00:00
833,공부,,2025-03-14 17:00:00,2025-03-14 19:00:00
834,실내활동,,2025-03-14 19:00:00,2025-03-14 20:00:00
835,스포츠,,2025-03-14 20:00:00,2025-03-14 22:00:00
836,공부,,2025-03-14 22:00:00,2025-03-15 00:00:00
837,점심식사,,2025-03-14 12:00:00,2025-03-14 13:00:00
838,저녁식사,,2025-03-14 18:00:00,2025-03-14 19:00:00
839,관람,,2025-03-15 08:00:00,2025-03-15 11:00:00
840,운동,,2025-03-15 11:00:00,2025-03-15 14:00:00
841,실내활동,,2025-03-15 14:00:00,2025-03-15 16:00:00
842,관람,,2025-03-15 16:00:00,2025-03-15 18:00:00
843,저녁식사,,2025-03-15 18:00:00,2025-03-15 19:00:00
844,운동,,2025-03-15 19:00:00,2025-03-15 20:00:00
845,실내활동,,2025-03-15 20:00:00,2025-03-15 23:00:00
846,관람,,2025-03-15 23:00:00,2025-03-16 00:00:00
847,점심식사,,2025-03-15 12:00:00,2025-03-15 13:00:00
848,스포츠,,2025-03-16 08:00:00,2025-03-16 09:00:00
849,공부,,2025-03-16 09:00:00,2025-03-16 11:00:00
850,실내활동,,2025-03-16 11:00:00,2025-03-16 13:00:00
851,스포츠,,2025-03-16 13:00:00,2025-03-16 16:00:00
852,공부,,2025-03-16 16:00:00,2025-03-16 18:00:00
853,저녁식사,,2025-03-16 18:00:00,2025-03-16 19:00:00
854,실내활동,,2025-03-16 19:00:00,2025-03-16 21:00:00
855,스포츠,,2025-03-16 21:00:00,2025-03-17 00:00:00
856,점심식사,,2025-03-16 12:00:00,2025-03-16 13:00:00
857,운동,,2025-03-17 08:00:00,2025-03-17 10:00:00
858,공부,,2025-03-17 10:00:00,2025-03-17 11:00:00
859,공원,,2025-03-17 11:00:00,2025-03-17 13:00:00
860,운동,,2025-03-17 13:00:00,2025-03-17 15:00:00
861,공부,,2025-03-17 15:00:00,2025-03-17 17:00:00
862,공원,,2025-03-17 17:00:00,2025-03-17 20:00:00
863,운동,,2025-03-17 20:00:00,2025-03-17 23:00:00
864,공부,,2025-03-17 23:00:00,2025-03-18 00:00:00
865,점심식사,,2025-03-17 12:00:00,2025-03-17 13:00:00
866,저녁식사,,2025-03-17 18:00:00,2025-03-17 19:00:00
867,스포츠,,2025-03-18 08:00:00,2025-03-18 09:00:00
868,공부,,2025-03-18 09:00:00,2025-03-18 10:00:00
869,실내활동,,2025-03-18 10:00:00,2025-03-18 12:00:00
870,점심식사,,2025-03-18 12:00:00,2025-03-18 13:00:00
871,스포츠,,2025-03-18 13:00:00,2025-03-18 15:00:00
872,공부,,2025-03-18 15:00:00,2025-03-18 17:00:00
873,실내활동,,2025-03-18 17:00:00,2025-03-18 20:00:00
874,스포츠,,2025-03-18 20:00:00,2025-03-18 21:00:00
875,공부,,2025-03-18 21:00:00,2025-03-18 23:00:00
876,실내활동,,2025-03-18 23:00:00,2025-03-19 00:00:00
877,저녁식사,,2025-03-18 18:00:00,2025-03-18 19:00:00
878,관람,,2025-03-19 08:00:00,2025-03-19 09:00:00
879,운동,,2025-03-19 09:00:00,2025-03-19 10:00:00
880,실내활동,,2025-03-19 10:00:00,2025-03-19 11:00:00
881,관람,,2025-03-19 11:00:00,2025-03-19 14:00:00
882,운동,,2025-03-19 14:00:00,2025-03-19 15:00:00
883,실내활동,,2025-03-19 15:00:00,2025-03-19 17:00:00
884,관람,,2025-03-19 17:00:00,2025-03-19 20:00:00
885,운동,,2025-03-19 20:00:00,2025-03-19 22:00:00
886,실내활동,,2025-03-19 22:00:00,2025-03-20 00:00:00
887,점심식사,,2025-03-19 12:00:00,2025-03-19 13:00:00
888,저녁식사,,2025-03-19 18:00:00,2025-03-19 19:00:00
889,운동,,2025-03-20 08:00:00,2025-03-20 11:00:00
890,공부,,2025-03-20 11:00:00,2025-03-20 14:00:00
891,공원,,2025-03-20 14:00:00,2025-03-20 16:00:00
892,운동,,2025-03-20 16:00:00,2025-03-20 17:00:00
893,공부,,2025-03-20 17:00:00,2025-03-20 19:00:00
894,공원,,2025-03-20 19:00:00,2025-03-20 22:00:00
895,운동,,2025-03-20 22:00:00,2025-03-20 23:00:00
896,공부,,2025-03-20 23:00:00,2025-03-21 00:00:00
897,점심식사,,2025-03-20 12:00:00,2025-03-20 13:00:00
898,저녁식사,,2025-03-20 18:00:00,2025-03-20 19:00:00
899,스포츠,,2025-03-21 08:00:00,2025-03-21 10:00:00
900,공부,,2025-03-21 10:00:00,2025-03-21 13:00:00
901,실내활동,,2025-03-21 13:00:00,2025-03-21 16:00:00
902,스포츠,,2025-03-21 16:00:00,2025-03-21 17:00:00
903,공부,,2025-03-21 17:00:00,2025-03-21 19:00:00
904,실내활동,,2025-03-21 19:00:00,2025-03-21 21:00:00
905,스포츠,,2025-03-21 21:00:00,2025-03-22 00:00:00
906,점심식사,,2025-03-21 12:00:00,2025-03-21 13:00:00
907,저녁식사,,2025-03-21 18:00:00,2025-03-21 19:00:00
908,관람,,2025-03-22 08:00:00,2025-03-22 09:00:00
909,운동,,2025-03-22 09:00:00,2025-03-22 11:00:00
910,실내활동,,2025-03-22 11:00:00,2025-03-22 14:00:00
911,관람,,2025-03-22 14:00:00,2025-03-22 17:00:00
912,운동,,2025-03-22 17:00:00,2025-03-22 20:00:00
913,실내활동,,2025-03-22 20:00:00,2025-03-22 22:00:00
914,관람,,2025-03-22 22:00:00,2025-03-23 00:00:00
915,점심식사,,2025-03-22 12:00:00,2025-03-22 13:00:00
916,저녁식사,,2025-03-22 18:00:00,2025-03-22 19:00:00
917,스포츠,,2025-03-23 08:00:00,2025-03-23 09:00:00
918,공부,,2025-03-23 09:00:00,2025-03-23 12:00:00
919,점심식사,,2025-03-23 12:00:00,2025-03-23 13:00:00
920,실내활동,,2025-03-23 13:00:00,2025-03-23 14:00:00
921,스포츠,,2025-03-23 14:00:00,2025-03-23 15:00:00
922,공부,,2025-03-23 15:00:00,2025-03-23 18:00:00
923,저녁식사,,2025-03-23 18:00:00,2025-03-23 19:00:00
924,실내활동,,2025-03-23 19:00:00,2025-03-23 21:00:00
925,스포츠,,2025-03-23 21:00:00,2025-03-24 00:00:00
926,운동,,2025-03-24 08:00:00,2025-03-24 11:00:00
927,공부,,2025-03-24 11:00:00,2025-03-24 13:00:00
928,공원,,2025-03-24 13:00:00,2025-03-24 16:00:00
929,운동,,2025-03-24 16:00:00,2025-03-24 18:00:00
930,저녁식사,,2025-03-24 18:00:00,2025-03-24 19:00:00
931,공부,,2025-03-24 19:00:00,2025-03-24 22:00:00
932,공원,,2025-03-24 22:00:00,2025-03-25 00:00:00
933,점심식사,,2025-03-24 12:00:00,2025-03-24 13:00:00
934,스포츠,,2025-03-25 08:00:00,2025-03-25 11:00:00
935,공부,,2025-03-25 11:00:00,2025-03-25 14:00:00
936,실내활동,,2025-03-25 14:00:00,2025-03-25 16:00:00
937,스포츠,,2025-03-25 16:00:00,2025-03-25 19:00:00
938,공부,,2025-03-25 19:00:00,2025-03-25 20:00:00
939,실내활동,,2025-03-25 20:00:00,2025-03-25 23:00:00
940,스포츠,,2025-03-25 23:00:00,2025-03-26 00:00:00
941,점심식사,,2025-03-25 12:00:00,2025-03-25 13:00:00
942,저녁식사,,2025-03-25 18:00:00,2025-03-25 19:00:00
943,관람,,2025-03-26 08:00:00,2025-03-26 11:00:00
944,운동,,2025-03-26 11:00:00,2025-03-26 13:00:00
945,실내활동,,2025-03-26 13:00:00,2025-03-26 14:00:00
946,관람,,2025-03-26 14:00:00,2025-03-26 17:00:00
947,운동,,2025-03-26 17:00:00,2025-03-26 18:00:00
948,저녁식사,,2025-03-26 18:00:00,2025-03-26 19:00:00
949,실내활동,,2025-03-26 19:00:00,2025-03-26 22:00:00
950,관람,,2025-03-26 22:00:00,2025-03-27 00:00:00
951,점심식사,,2025-03-26 12:00:00,2025-03-26 13:00:00
952,운동,,2025-03-27 08:00:00,2025-03-27 11:00:00
953,공부,,2025-03-27 11:00:00,2025-03-27 12:00:00
954,점심식사,,2025-03-27 12:00:00,2025-03-27 13:00:00
955,공원,,2025-03-27 13:00:00,2025-03-27 15:00:00
956,운동,,2025-03-27 15:00:00,2025-03-27 17:00:00
957,공부,,2025-03-27 17:00:00,2025-03-27 18:00:00
958,저녁식사,,2025-03-27 18:00:00,2025-03-27 19:00:00
959,공원,,2025-03-27 19:00:00,2025-03-27 21:00:00
960,운동,,2025-03-27 21:00:00,2025-03-27 22:00:00
961,공부,,2025-03-27 22:00:00,2025-03-28 00:00:00
962,스포츠,,2025-03-28 08:00:00,2025-03-28 11:00:00
963,공부,,2025-03-28 11:00:00,2025-03-28 14:00:00
964,실내활동,,2025-03-28 14:00:00,2025-03-28 15:00:00
965,스포츠,,2025-03-28 15:00:00,2025-03-28 16:00:00
966,공부,,2025-03-28 16:00:00,2025-03-28 17:00:00
967,실내활동,,2025-03-28 17:00:00,2025-03-28 19:00:00
968,스포츠,,2025-03-28 19:00:00,2025-03-28 21:00:00
969,공부,,2025-03-28 21:00:00,2025-03-28 22:00:00
970,실내활동,,2025-03-28 22:00:00,2025-03-29 00:00:00
971,점심식사,,2025-03-28 12:00:00,2025-03-28 13:00:00
972,저녁식사,,2025-03-28 18:00:00,2025-03-28 19:00:00
973,관람,,2025-03-29 08:00:00,2025-03-29 09:00:00
974,운동,,2025-03-29 09:00:00,2025-03-29 12:00:00
975,점심식사,,2025-03-29 12:00:00,2025-03-29 13:00:00
976,실내활동,,2025-03-29 13:00:00,2025-03-29 14:00:00
977,관람,,2025-03-29 14:00:00,2025-03-29 15:00:00
978,운동,,2025-03-29 15:00:00,2025-03-29 16:00:00
979,실내활동,,2025-03-29 16:00:00,2025-03-29 18:00:00
980,저녁식사,,2025-03-29 18:00:00,2025-03-29 19:00:00
981,관람,,2025-03-29 19:00:00,2025-03-29 21:00:00
982,운동,,2025-03-29 21:00:00,2025-03-29 22:00:00
983,실내활동,,2025-03-29 22:00:00,2025-03-30 00:00:00
984,스포츠,,2025-03-30 08:00:00,2025-03-30 09:00:00
985,공부,,2025-03-30 09:00:00,2025-03-30 11:00:00
986,실내활동,,2025-03-30 11:00:00,2025-03-30 14:00:00
987,스포츠,,2025-03-30 14:00:00,2025-03-30 15:00:00
988,공부,,2025-03-30 15:00:00,2025-03-30 17:00:00
989,실내활동,,2025-03-30 17:00:00,2025-03-30 20:00:00
990,스포츠,,2025-03-30 20:00:00,2025-03-30 22:00:00
991,공부,,2025-03-30 22:00:00,2025-03-31 00:00:00
992,점심식사,,2025-03-30 12:00:00,2025-03-30 13:00:00
993,저녁식사,,2025-03-30 18:00:00,2025-03-30 19:00:00
994,운동,,2025-03-31 08:00:00,2025-03-31 10:00:00
995,공부,,2025-03-31 10:00:00,2025-03-31 13:00:00
996,공원,,2025-03-31 13:00:00,2025-03-31 15:00:00
997,운동,,2025-03-31 15:00:00,2025-03-31 18:00:00
998,저녁식사,,2025-03-31 18:00:00,2025-03-31 19:00:00
999,공부,,2025-03-31 19:00:00,2025-03-31 22:00:00
1000,공원,,2025-03-31 22:00:00,2025-03-31 23:00:00
1001,운동,,2025-03-31 23:00:00,2025-04-01 00:00:00
1002,점심식사,,2025-03-31 12:00:00,2025-03-31 13:00:00
1003,스포츠,,2025-04-01 08:00:00,2025-04-01 11:00:00
1004,공부,,2025-04-01 11:00:00,2025-04-01 14:00:00
1005,실내활동,,2025-04-01 14:00:00,2025-04-01 16:00:00
1006,스포츠,,2025-04-01 16:00:00,2025-04-01 17:00:00
1007,공부,,2025-04-01 17:00:00,2025-04-01 18:00:00
1008,저녁식사,,2025-04-01 18:00:00,2025-04-01 19:00:00
1009,실내활동,,2025-04-01 19:00:00,2025-04-01 20:00:00
1010,스포츠,,2025-04-01 20:00:00,2025-04-01 22:00:00
1011,공부,,2025-04-01 22:00:00,2025-04-01 23:00:00
1012,실내활동,,2025-04-01 23:00:00,2025-04-02 00:00:00
1013,점심식사,,2025-04-01 12:00:00,2025-04-01 13:00:00
1014,관람,,2025-04-02 08:00:00,2025-04-02 09:00:00
1015,운동,,2025-04-02 09:00:00,2025-04-02 10:00:00
1016,실내활동,,2025-04-02 10:00:00,2025-04-02 11:00:00
1017,관람,,2025-04-02 11:00:00,2025-04-02 12:00:00
1018,점심식사,,2025-04-02 12:00:00,2025-04-02 13:00:00
1019,운동,,2025-04-02 13:00:00,2025-04-02 14:00:00
1020,실내활동,,2025-04-02 14:00:00,2025-04-02 16:00:00
1021,관람,,2025-04-02 16:00:00,2025-04-02 19:00:00
1022,운동,,2025-04-02 19:00:00,2025-04-02 21:00:00
1023,실내활동,,2025-04-02 21:00:00,2025-04-02 22:00:00
1024,관람,,2025-04-02 22:00:00,2025-04-02 23:00:00
1025,운동,,2025-04-02 23:00:00,2025-04-03 00:00:00
1026,저녁식사,,2025-04-02 18:00:00,2025-04-02 19:00:00
1027,운동,,2025-04-03 08:00:00,2025-04-03 09:00:00
1028,공부,,2025-04-03 09:00:00,2025-04-03 12:00:00
1029,점심식사,,2025-04-03 12:00:00,2025-04-03 13:00:00
1030,공원,,2025-04-03 13:00:00,2025-04-03 14:00:00
1031,운동,,2025-04-03 14:00:00,2025-04-03 17:00:00
1032,공부,,2025-04-03 17:00:00,2025-04-03 20:00:00
1033,공원,,2025-04-03 20:00:00,2025-04-03 21:00:00
1034,운동,,2025-04-03 21:00:00,2025-04-03 23:00:00
1035,공부,,2025-04-03 23:00:00,2025-04-04 00:00:00
1036,저녁식사,,2025-04-03 18:00:00,2025-04-03 19:00:00
1037,스포츠,,2025-04-04 08:00:00,2025-04-04 11:00:00
1038,공부,,2025-04-04 11:00:00,2025-04-04 12:00:00
1039,점심식사,,2025-04-04 12:00:00,2025-04-04 13:00:00
1040,실내활동,,2025-04-04 13:00:00,2025-04-04 15:00:00
1041,스포츠,,2025-04-04 15:00:00,2025-04-04 17:00:00
1042,공부,,2025-04-04 17:00:00,2025-04-04 19:00:00
1043,실내활동,,2025-04-04 19:00:00,2025-04-04 21:00:00
1044,스포츠,,2025-04-04 21:00:00,2025-04-04 22:00:00
1045,공부,,2025-04-04 22:00:00,2025-04-05 00:00:00
1046,저녁식사,,2025-04-04 18:00:00,2025-04-04 19:00:00
1047,관람,,2025-04-05 08:00:00,2025-04-05 10:00:00
1048,운동,,2025-04-05 10:00:00,2025-04-05 12:00:00
1049,점심식사,,2025-04-05 12:00:00,2025-04-05 13:00:00
1050,실내활동,,2025-04-05 13:00:00,2025-04-05 16:00:00
1051,관람,,2025-04-05 16:00:00,2025-04-05 19:00:00
1052,운동,,2025-04-05 19:00:00,2025-04-05 22:00:00
1053,실내활동,,2025-04-05 22:00:00,2025-04-06 00:00:00
1054,저녁식사,,2025-04-05 18:00:00,2025-04-05 19:00:00
1055,스포츠,,2025-04-06 08:00:00,2025-04-06 09:00:00
1056,공부,,2025-04-06 09:00:00,2025-04-06 11:00:00
1057,실내활동,,2025-04-06 11:00:00,2025-04-06 12:00:00
1058,점심식사,,2025-04-06 12:00:00,2025-04-06 13:00:00
1059,스포츠,,2025-04-06 13:00:00,2025-04-06 15:00:00
1060,공부,,2025-04-06 15:00:00,2025-04-06 18:00:00
1061,저녁식사,,2025-04-06 18:00:00,2025-04-06 19:00:00
1062,실내활동,,2025-04-06 19:00:00,2025-04-06 22:00:00
1063,스포츠,,2025-04-06 22:00:00,2025-04-06 23:00:00
1064,공부,,2025-04-06 23:00:00,2025-04-07 00:00:00
1065,운동,,2025-04-07 08:00:00,2025-04-07 09:00:00
1066,공부,,2025-04-07 09:00:00,2025-04-07 10:00:00
1067,공원,,2025-04-07 10:00:00,2025-04-07 13:00:00
1068,운동,,2025-04-07 13:00:00,2025-04-07 15:00:00
1069,공부,,2025-04-07 15:00:00,2025-04-07 17:00:00
1070,공원,,2025-04-07 17:00:00,2025-04-07 20:00:00
1071,운동,,2025-04-07 20:00:00,2025-04-07 21:00:00
1072,공부,,2025-04-07 21:00:00,2025-04-07 22:00:00
1073,공원,,2025-04-07 22:00:00,2025-04-08 00:00:00
1074,점심식사,,2025-04-07 12:00:00,2025-04-07 13:00:00
1075,저녁식사,,2025-04-07 18:00:00,2025-04-07 19:00:00
1076,스포츠,,2025-04-08 08:00:00,2025-04-08 09:00:00
1077,공부,,2025-04-08 09:00:00,2025-04-08 10:00:00
1078,실내활동,,2025-04-08 10:00:00,2025-04-08 12:00:00
1079,점심식사,,2025-04-08 12:00:00,2025-04-08 13:00:00
1080,스포츠,,2025-04-08 13:00:00,2025-04-08 14:00:00
1081,공부,,2025-04-08 14:00:00,2025-04-08 17:00:00
1082,실내활동,,2025-04-08 17:00:00,2025-04-08 20:00:00
1083,스포츠,,2025-04-08 20:00:00,2025-04-08 22:00:00
1084,공부,,2025-04-08 22:00:00,2025-04-09 00:00:00
1085,저녁식사,,2025-04-08 18:00:00,2025-04-08 19:00:00
1086,관람,,2025-04-09 08:00:00,2025-04-09 10:00:00
1087,운동,,2025-04-09 10:00:00,2025-04-09 11:00:00
1088,실내활동,,2025-04-09 11:00:00,2025-04-09 12:00:00
1089,점심식사,,2025-04-09 12:00:00,2025-04-09 13:00:00
1090,관람,,2025-04-09 13:00:00,2025-04-09 16:00:00
1091,운동,,2025-04-09 16:00:00,2025-04-09 19:00:00
1092,실내활동,,2025-04-09 19:00:00,2025-04-09 22:00:00
1093,관람,,2025-04-09 22:00:00,2025-04-10 00:00:00
1094,저녁식사,,2025-04-09 18:00:00,2025-04-09 19:00:00
1095,운동,,2025-04-10 08:00:00,2025-04-10 09:00:00
1096,공부,,2025-04-10 09:00:00,2025-04-10 10:00:00
1097,공원,,2025-04-10 10:00:00,2025-04-10 12:00:00
1098,점심식사,,2025-04-10 12:00:00,2025-04-10 13:00:00
1099,운동,,2025-04-10 13:00:00,2025-04-10 15:00:00
1100,공부,,2025-04-10 15:00:00,2025-04-10 17:00:00
1101,공원,,2025-04-10 17:00:00,2025-04-10 19:00:00
1102,운동,,2025-04-10 19:00:00,2025-04-10 22:00:00
1103,공부,,2025-04-10 22:00:00,2025-04-11 00:00:00
1104,저녁식사,,2025-04-10 18:00:00,2025-04-10 19:00:00
1105,스포츠,,2025-04-11 08:00:00,2025-04-11 11:00:00
1106,공부,,2025-04-11 11:00:00,2025-04-11 12:00:00
1107,점심식사,,2025-04-11 12:00:00,2025-04-11 13:00:00
1108,실내활동,,2025-04-11 13:00:00,2025-04-11 14:00:00
1109,스포츠,,2025-04-11 14:00:00,2025-04-11 15:00:00
1110,공부,,2025-04-11 15:00:00,2025-04-11 17:00:00
1111,실내활동,,2025-04-11 17:00:00,2025-04-11 20:00:00
1112,스포츠,,2025-04-11 20:00:00,2025-04-11 21:00:00
1113,공부,,2025-04-11 21:00:00,2025-04-11 23:00:00
1114,실내활동,,2025-04-11 23:00:00,2025-04-12 00:00:00
1115,저녁식사,,2025-04-11 18:00:00,2025-04-11 19:00:00
1116,관람,,2025-04-12 08:00:00,2025-04-12 10:00:00
1117,운동,,2025-04-12 10:00:00,2025-04-12 11:00:00
1118,실내활동,,2025-04-12 11:00:00,2025-04-12 12:00:00
1119,점심식사,,2025-04-12 12:00:00,2025-04-12 13:00:00
1120,관람,,2025-04-12 13:00:00,2025-04-12 15:00:00
1121,운동,,2025-04-12 15:00:00,2025-04-12 17:00:00
1122,실내활동,,2025-04-12 17:00:00,2025-04-12 18:00:00
1123,저녁식사,,2025-04-12 18:00:00,2025-04-12 19:00:00
1124,관람,,2025-04-12 19:00:00,2025-04-12 21:00:00
1125,운동,,2025-04-12 21:00:00,2025-04-12 22:00:00
1126,실내활동,,2025-04-12 22:00:00,2025-04-13 00:00:00
1127,스포츠,,2025-04-13 08:00:00,2025-04-13 09:00:00
1128,공부,,2025-04-13 09:00:00,2025-04-13 10:00:00
1129,실내활동,,2025-04-13 10:00:00,2025-04-13 13:00:00
1130,스포츠,,2025-04-13 13:00:00,2025-04-13 16:00:00
1131,공부,,2025-04-13 16:00:00,2025-04-13 17:00:00
1132,실내활동,,2025-04-13 17:00:00,2025-04-13 20:00:00
1133,스포츠,,2025-04-13 20:00:00,2025-04-13 21:00:00
1134,공부,,2025-04-13 21:00:00,2025-04-13 22:00:00
1135,실내활동,,2025-04-13 22:00:00,2025-04-14 00:00:00
1136,점심식사,,2025-04-13 12:00:00,2025-04-13 13:00:00
1137,저녁식사,,2025-04-13 18:00:00,2025-04-13 19:00:00
1138,운동,,2025-04-14 08:00:00,2025-04-14 09:00:00
1139,공부,,2025-04-14 09:00:00,2025-04-14 10:00:00
1140,공원,,2025-04-14 10:00:00,2025-04-14 11:00:00
1141,운동,,2025-04-14 11:00:00,2025-04-14 13:00:00
1142,공부,,2025-04-14 13:00:00,2025-04-14 16:00:00
1143,공원,,2025-04-14 16:00:00,2025-04-14 17:00:00
1144,운동,,2025-04-14 17:00:00,2025-04-14 18:00:00
1145,저녁식사,,2025-04-14 18:00:00,2025-04-14 19:00:00
1146,공부,,2025-04-14 19:00:00,2025-04-14 22:00:00
1147,공원,,2025-04-14 22:00:00,2025-04-15 00:00:00
1148,점심식사,,2025-04-14 12:00:00,2025-04-14 13:00:00
1149,스포츠,,2025-04-15 08:00:00,2025-04-15 09:00:00
1150,공부,,2025-04-15 09:00:00,2025-04-15 12:00:00
1151,점심식사,,2025-04-15 12:00:00,2025-04-15 13:00:00
1152,실내활동,,2025-04-15 13:00:00,2025-04-15 14:00:00
1153,스포츠,,2025-04-15 14:00:00,2025-04-15 15:00:00
1154,공부,,2025-04-15 15:00:00,2025-04-15 17:00:00
1155,실내활동,,2025-04-15 17:00:00,2025-04-15 19:00:00
1156,스포츠,,2025-04-15 19:00:00,2025-04-15 21:00:00
1157,공부,,2025-04-15 21:00:00,2025-04-16 00:00:00
1158,저녁식사,,2025-04-15 18:00:00,2025-04-15 19:00:00
1159,관람,,2025-04-16 08:00:00,2025-04-16 10:00:00
1160,운동,,2025-04-16 10:00:00,2025-04-16 11:00:00
1161,실내활동,,2025-04-16 11:00:00,2025-04-16 13:00:00
1162,관람,,2025-04-16 13:00:00,2025-04-16 15:00:00
1163,운동,,2025-04-16 15:00:00,2025-04-16 16:00:00
1164,실내활동,,2025-04-16 16:00:00,2025-04-16 18:00:00
1165,저녁식사,,2025-04-16 18:00:00,2025-04-16 19:00:00
1166,관람,,2025-04-16 19:00:00,2025-04-16 20:00:00
1167,운동,,2025-04-16 20:00:00,2025-04-16 23:00:00
1168,실내활동,,2025-04-16 23:00:00,2025-04-17 00:00:00
1169,점심식사,,2025-04-16 12:00:00,2025-04-16 13:00:00
1170,운동,,2025-04-17 08:00:00,2025-04-17 09:00:00
1171,공부,,2025-04-17 09:00:00,2025-04-17 12:00:00
1172,점심식사,,2025-04-17 12:00:00,2025-04-17 13:00:00
1173,공원,,2025-04-17 13:00:00,2025-04-17 16:00:00
1174,운동,,2025-04-17 16:00:00,2025-04-17 19:00:00
1175,공부,,2025-04-17 19:00:00,2025-04-17 21:00:00
1176,공원,,2025-04-17 21:00:00,2025-04-17 23:00:00
1177,운동,,2025-04-17 23:00:00,2025-04-18 00:00:00
1178,저녁식사,,2025-04-17 18:00:00,2025-04-17 19:00:00
1179,스포츠,,2025-04-18 08:00:00,2025-04-18 10:00:00
1180,공부,,2025-04-18 10:00:00,2025-04-18 13:00:00
1181,실내활동,,2025-04-18 13:00:00,2025-04-18 16:00:00
1182,스포츠,,2025-04-18 16:00:00,2025-04-18 17:00:00
1183,공부,,2025-04-18 17:00:00,2025-04-18 20:00:00
1184,실내활동,,2025-04-18 20:00:00,2025-04-18 21:00:00
1185,스포츠,,2025-04-18 21:00:00,2025-04-19 00:00:00
1186,점심식사,,2025-04-18 12:00:00,2025-04-18 13:00:00
1187,저녁식사,,2025-04-18 18:00:00,2025-04-18 19:00:00
1188,관람,,2025-04-19 08:00:00,2025-04-19 09:00:00
1189,운동,,2025-04-19 09:00:00,2025-04-19 11:00:00
1190,실내활동,,2025-04-19 11:00:00,2025-04-19 13:00:00
1191,관람,,2025-04-19 13:00:00,2025-04-19 15:00:00
1192,운동,,2025-04-19 15:00:00,2025-04-19 16:00:00
1193,실내활동,,2025-04-19 16:00:00,2025-04-19 18:00:00
1194,저녁식사,,2025-04-19 18:00:00,2025-04-19 19:00:00
1195,관람,,2025-04-19 19:00:00,2025-04-19 20:00:00
1196,운동,,2025-04-19 20:00:00,2025-04-19 21:00:00
1197,실내활동,,2025-04-19 21:00:00,2025-04-19 23:00:00
1198,관람,,2025-04-19 23:00:00,2025-04-20 00:00:00
1199,점심식사,,2025-04-19 12:00:00,2025-04-19 13:00:00
1200,스포츠,,2025-04-20 08:00:00,2025-04-20 09:00:00
1201,공부,,2025-04-20 09:00:00,2025-04-20 11:00:00
1202,실내활동,,2025-04-20 11:00:00,2025-04-20 14:00:00
1203,스포츠,,2025-04-20 14:00:00,2025-04-20 17:00:00
1204,공부,,2025-04-20 17:00:00,2025-04-20 18:00:00
1205,저녁식사,,2025-04-20 18:00:00,2025-04-20 19:00:00
1206,실내활동,,2025-04-20 19:00:00,2025-04-20 22:00:00
1207,스포츠,,2025-04-20 22:00:00,2025-04-20 23:00:00
1208,공부,,2025-04-20 23:00:00,2025-04-21 00:00:00
1209,점심식사,,2025-04-20 12:00:00,2025-04-20 13:00:00
1210,운동,,2025-04-21 08:00:00,2025-04-21 09:00:00
1211,공부,,2025-04-21 09:00:00,2025-04-21 11:00:00
1212,공원,,2025-04-21 11:00:00,2025-04-21 14:00:00
1213,운동,,2025-04-21 14:00:00,2025-04-21 15:00:00
1214,공부,,2025-04-21 15:00:00,2025-04-21 17:00:00
1215,공원,,2025-04-21 17:00:00,2025-04-21 19:00:00
1216,운동,,2025-04-21 19:00:00,2025-04-21 20:00:00
1217,공부,,2025-04-21 20:00:00,2025-04-21 23:00:00
1218,공원,,2025-04-21 23:00:00,2025-04-22 00:00:00
1219,점심식사,,2025-04-21 12:00:00,2025-04-21 13:00:00
1220,저녁식사,,2025-04-21 18:00:00,2025-04-21 19:00:00
1221,스포츠,,2025-04-22 08:00:00,2025-04-22 10:00:00
1222,공부,,2025-04-22 10:00:00,2025-04-22 11:00:00
1223,실내활동,,2025-04-22 11:00:00,2025-04-22 14:00:00
1224,스포츠,,2025-04-22 14:00:00,2025-04-22 15:00:00
1225,공부,,2025-04-22 15:00:00,2025-04-22 17:00:00
1226,실내활동,,2025-04-22 17:00:00,2025-04-22 20:00:00
1227,스포츠,,2025-04-22 20:00:00,2025-04-22 22:00:00
1228,공부,,2025-04-22 22:00:00,2025-04-23 00:00:00
1229,점심식사,,2025-04-22 12:00:00,2025-04-22 13:00:00
1230,저녁식사,,2025-04-22 18:00:00,2025-04-22 19:00:00
1231,관람,,2025-04-23 08:00:00,2025-04-23 10:00:00
1232,운동,,2025-04-23 10:00:00,2025-04-23 13:00:00
1233,실내활동,,2025-04-23 13:00:00,2025-04-23 15:00:00
1234,관람,,2025-04-23 15:00:00,2025-04-23 17:00:00
1235,운동,,2025-04-23 17:00:00,2025-04-23 20:00:00
1236,실내활동,,2025-04-23 20:00:00,2025-04-23 22:00:00
1237,관람,,2025-04-23 22:00:00,2025-04-24 00:00:00
1238,점심식사,,2025-04-23 12:00:00,2025-04-23 13:00:00
1239,저녁식사,,2025-04-23 18:00:00,2025-04-23 19:00:00
1240,운동,,2025-04-24 08:00:00,2025-04-24 09:00:00
1241,공부,,2025-04-24 09:00:00,2025-04-24 12:00:00
1242,점심식사,,2025-04-24 12:00:00,2025-04-24 13:00:00
1243,공원,,2025-04-24 13:00:00,2025-04-24 16:00:00
1244,운동,,2025-04-24 16:00:00,2025-04-24 19:00:00
1245,공부,,2025-04-24 19:00:00,2025-04-24 21:00:00
1246,공원,,2025-04-24 21:00:00,2025-04-25 00:00:00
1247,저녁식사,,2025-04-24 18:00:00,2025-04-24 19:00:00
1248,스포츠,,2025-04-25 08:00:00,2025-04-25 10:00:00
1249,공부,,2025-04-25 10:00:00,2025-04-25 11:00:00
1250,실내활동,,2025-04-25 11:00:00,2025-04-25 12:00:00
1251,점심식사,,2025-04-25 12:00:00,2025-04-25 13:00:00
1252,스포츠,,2025-04-25 13:00:00,2025-04-25 16:00:00
1253,공부,,2025-04-25 16:00:00,2025-04-25 19:00:00
1254,실내활동,,2025-04-25 19:00:00,2025-04-25 20:00:00
1255,스포츠,,2025-04-25 20:00:00,2025-04-25 23:00:00
1256,공부,,2025-04-25 23:00:00,2025-04-26 00:00:00
1257,저녁식사,,2025-04-25 18:00:00,2025-04-25 19:00:00
1258,관람,,2025-04-26 08:00:00,2025-04-26 09:00:00
1259,운동,,2025-04-26 09:00:00,2025-04-26 12:00:00
1260,점심식사,,2025-04-26 12:00:00,2025-04-26 13:00:00
1261,실내활동,,2025-04-26 13:00:00,2025-04-26 16:00:00
1262,관람,,2025-04-26 16:00:00,2025-04-26 18:00:00
1263,저녁식사,,2025-04-26 18:00:00,2025-04-26 19:00:00
1264,운동,,2025-04-26 19:00:00,2025-04-26 22:00:00
1265,실내활동,,2025-04-26 22:00:00,2025-04-27 00:00:00
1266,스포츠,,2025-04-27 08:00:00,2025-04-27 09:00:00
1267,공부,,2025-04-27 09:00:00,2025-04-27 11:00:00
1268,실내활동,,2025-04-27 11:00:00,2025-04-27 12:00:00
1269,점심식사,,2025-04-27 12:00:00,2025-04-27 13:00:00
1270,스포츠,,2025-04-27 13:00:00,2025-04-27 14:00:00
1271,공부,,2025-04-27 14:00:00,2025-04-27 17:00:00
1272,실내활동,,2025-04-27 17:00:00,2025-04-27 19:00:00
1273,스포츠,,2025-04-27 19:00:00,2025-04-27 20:00:00
1274,공부,,2025-04-27 20:00:00,2025-04-27 23:00:00
1275,실내활동,,2025-04-27 23:00:00,2025-04-28 00:00:00
1276,저녁식사,,2025-04-27 18:00:00,2025-04-27 19:00:00
1277,운동,,2025-04-28 08:00:00,2025-04-28 10:00:00
1278,공부,,2025-04-28 10:00:00,2025-04-28 13:00:00
1279,공원,,2025-04-28 13:00:00,2025-04-28 16:00:00
1280,운동,,2025-04-28 16:00:00,2025-04-28 18:00:00
1281,저녁식사,,2025-04-28 18:00:00,2025-04-28 19:00:00
1282,공부,,2025-04-28 19:00:00,2025-04-28 20:00:00
1283,공원,,2025-04-28 20:00:00,2025-04-28 21:00:00
1284,운동,,2025-04-28 21:00:00,2025-04-29 00:00:00
1285,점심식사,,2025-04-28 12:00:00,2025-04-28 13:00:00
1286,스포츠,,2025-04-29 08:00:00,2025-04-29 10:00:00
1287,공부,,2025-04-29 10:00:00,2025-04-29 13:00:00
1288,실내활동,,2025-04-29 13:00:00,2025-04-29 15:00:00
1289,스포츠,,2025-04-29 15:00:00,2025-04-29 16:00:00
1290,공부,,2025-04-29 16:00:00,2025-04-29 19:00:00
1291,실내활동,,2025-04-29 19:00:00,2025-04-29 20:00:00
1292,스포츠,,2025-04-29 20:00:00,2025-04-29 23:00:00
1293,공부,,2025-04-29 23:00:00,2025-04-30 00:00:00
1294,점심식사,,2025-04-29 12:00:00,2025-04-29 13:00:00
1295,저녁식사,,2025-04-29 18:00:00,2025-04-29 19:00:00
1296,관람,,2025-04-30 08:00:00,2025-04-30 11:00:00
1297,운동,,2025-04-30 11:00:00,2025-04-30 14:00:00
1298,실내활동,,2025-04-30 14:00:00,2025-04-30 17:00:00
1299,관람,,2025-04-30 17:00:00,2025-04-30 18:00:00
1300,저녁식사,,2025-04-30 18:00:00,2025-04-30 19:00:00
1301,운동,,2025-04-30 19:00:00,2025-04-30 21:00:00
1302,실내활동,,2025-04-30 21:00:00,2025-04-30 23:00:00
1303,관람,,2025-04-30 23:00:00,2025-05-01 00:00:00
1304,점심식사,,2025-04-30 12:00:00,2025-04-30 13:00:00
1305,운동,,2025-05-01 08:00:00,2025-05-01 09:00:00
1306,공부,,2025-05-01 09:00:00,2025-05-01 10:00:00
1307,공원,,2025-05-01 10:00:00,2025-05-01 13:00:00
1308,운동,,2025-05-01 13:00:00,2025-05-01 15:00:00
1309,공부,,2025-05-01 15:00:00,2025-05-01 18:00:00
1310,저녁식사,,2025-05-01 18:00:00,2025-05-01 19:00:00
1311,공원,,2025-05-01 19:00:00,2025-05-01 20:00:00
1312,운동,,2025-05-01 20:00:00,2025-05-01 21:00:00
1313,공부,,2025-05-01 21:00:00,2025-05-02 00:00:00
1314,점심식사,,2025-05-01 12:00:00,2025-05-01 13:00:00
1315,스포츠,,2025-05-02 08:00:00,2025-05-02 11:00:00
1316,공부,,2025-05-02 11:00:00,2025-05-02 13:00:00
1317,실내활동,,2025-05-02 13:00:00,2025-05-02 15:00:00
1318,스포츠,,2025-05-02 15:00:00,2025-05-02 16:00:00
1319,공부,,2025-05-02 16:00:00,2025-05-02 17:00:00
1320,실내활동,,2025-05-02 17:00:00,2025-05-02 19:00:00
1321,스포츠,,2025-05-02 19:00:00,2025-05-02 21:00:00
1322,공부,,2025-05-02 21:00:00,2025-05-02 23:00:00
1323,실내활동,,2025-05-02 23:00:00,2025-05-03 00:00:00
1324,점심식사,,2025-05-02 12:00:00,2025-05-02 13:00:00
1325,저녁식사,,2025-05-02 18:00:00,2025-05-02 19:00:00
1326,관람,,2025-05-03 08:00:00,2025-05-03 10:00:00
1327,운동,,2025-05-03 10:00:00,2025-05-03 12:00:00
1328,점심식사,,2025-05-03 12:00:00,2025-05-03 13:00:00
1329,실내활동,,2025-05-03 13:00:00,2025-05-03 14:00:00
1330,관람,,2025-05-03 14:00:00,2025-05-03 15:00:00
1331,운동,,2025-05-03 15:00:00,2025-05-03 17:00:00
1332,실내활동,,2025-05-03 17:00:00,2025-05-03 18:00:00
1333,저녁식사,,2025-05-03 18:00:00,2025-05-03 19:00:00
1334,관람,,2025-05-03 19:00:00,2025-05-03 22:00:00
1335,운동,,2025-05-03 22:00:00,2025-05-03 23:00:00
1336,실내활동,,2025-05-03 23:00:00,2025-05-04 00:00:00
1337,스포츠,,2025-05-04 08:00:00,2025-05-04 10:00:00
1338,공부,,2025-05-04 10:00:00,2025-05-04 11:00:00
1339,실내활동,,2025-05-04 11:00:00,2025-05-04 12:00:00
1340,점심식사,,2025-05-04 12:00:00,2025-05-04 13:00:00
1341,스포츠,,2025-05-04 13:00:00,2025-05-04 16:00:00
1342,공부,,2025-05-04 16:00:00,2025-05-04 17:00:00
1343,실내활동,,2025-05-04 17:00:00,2025-05-04 19:00:00
1344,스포츠,,2025-05-04 19:00:00,2025-05-04 21:00:00
1345,공부,,2025-05-04 21:00:00,2025-05-05 00:00:00
1346,저녁식사,,2025-05-04 18:00:00,2025-05-04 19:00:00
1347,운동,,2025-05-05 08:00:00,2025-05-05 09:00:00
1348,공부,,2025-05-05 09:00:00,2025-05-05 11:00:00
1349,공원,,2025-05-05 11:00:00,2025-05-05 14:00:00
1350,운동,,2025-05-05 14:00:00,2025-05-05 16:00:00
1351,공부,,2025-05-05 16:00:00,2025-05-05 17:00:00
1352,공원,,2025-05-05 17:00:00,2025-05-05 19:00:00
1353,운동,,2025-05-05 19:00:00,2025-05-05 22:00:00
1354,공부,,2025-05-05 22:00:00,2025-05-05 23:00:00
1355,공원,,2025-05-05 23:00:00,2025-05-06 00:00:00
1356,점심식사,,2025-05-05 12:00:00,2025-05-05 13:00:00
1357,저녁식사,,2025-05-05 18:00:00,2025-05-05 19:00:00
1358,스포츠,,2025-05-06 08:00:00,2025-05-06 11:00:00
1359,공부,,2025-05-06 11:00:00,2025-05-06 12:00:00
1360,점심식사,,2025-05-06 12:00:00,2025-05-06 13:00:00
1361,실내활동,,2025-05-06 13:00:00,2025-05-06 14:00:00
1362,스포츠,,2025-05-06 14:00:00,2025-05-06 17:00:00
1363,공부,,2025-05-06 17:00:00,2025-05-06 18:00:00
1364,저녁식사,,2025-05-06 18:00:00,2025-05-06 19:00:00
1365,실내활동,,2025-05-06 19:00:00,2025-05-06 22:00:00
1366,스포츠,,2025-05-06 22:00:00,2025-05-07 00:00:00
1367,관람,,2025-05-07 08:00:00,2025-05-07 10:00:00
1368,운동,,2025-05-07 10:00:00,2025-05-07 13:00:00
1369,실내활동,,2025-05-07 13:00:00,2025-05-07 14:00:00
1370,관람,,2025-05-07 14:00:00,2025-05-07 15:00:00
1371,운동,,2025-05-07 15:00:00,2025-05-07 17:00:00
1372,실내활동,,2025-05-07 17:00:00,2025-05-07 20:00:00
1373,관람,,2025-05-07 20:00:00,2025-05-07 21:00:00
1374,운동,,2025-05-07 21:00:00,2025-05-08 00:00:00
1375,점심식사,,2025-05-07 12:00:00,2025-05-07 13:00:00
1376,저녁식사,,2025-05-07 18:00:00,2025-05-07 19:00:00
1377,운동,,2025-05-08 08:00:00,2025-05-08 11:00:00
1378,공부,,2025-05-08 11:00:00,2025-05-08 12:00:00
1379,점심식사,,2025-05-08 12:00:00,2025-05-08 13:00:00
1380,공원,,2025-05-08 13:00:00,2025-05-08 15:00:00
1381,운동,,2025-05-08 15:00:00,2025-05-08 18:00:00
1382,저녁식사,,2025-05-08 18:00:00,2025-05-08 19:00:00
1383,공부,,2025-05-08 19:00:00,2025-05-08 20:00:00
1384,공원,,2025-05-08 20:00:00,2025-05-08 21:00:00
1385,운동,,2025-05-08 21:00:00,2025-05-09 00:00:00
1386,스포츠,,2025-05-09 08:00:00,2025-05-09 10:00:00
1387,공부,,2025-05-09 10:00:00,2025-05-09 12:00:00
1388,점심식사,,2025-05-09 12:00:00,2025-05-09 13:00:00
1389,실내활동,,2025-05-09 13:00:00,2025-05-09 16:00:00
1390,스포츠,,2025-05-09 16:00:00,2025-05-09 19:00:00
1391,공부,,2025-05-09 19:00:00,2025-05-09 20:00:00
1392,실내활동,,2025-05-09 20:00:00,2025-05-09 23:00:00
1393,스포츠,,2025-05-09 23:00:00,2025-05-10 00:00:00
1394,저녁식사,,2025-05-09 18:00:00,2025-05-09 19:00:00
1395,관람,,2025-05-10 08:00:00,2025-05-10 10:00:00
1396,운동,,2025-05-10 10:00:00,2025-05-10 13:00:00
1397,실내활동,,2025-05-10 13:00:00,2025-05-10 14:00:00
1398,관람,,2025-05-10 14:00:00,2025-05-10 16:00:00
1399,운동,,2025-05-10 16:00:00,2025-05-10 17:00:00
1400,실내활동,,2025-05-10 17:00:00,2025-05-10 18:00:00
1401,저녁식사,,2025-05-10 18:00:00,2025-05-10 19:00:00
1402,관람,,2025-05-10 19:00:00,2025-05-10 21:00:00
1403,운동,,2025-05-10 21:00:00,2025-05-11 00:00:00
1404,점심식사,,2025-05-10 12:00:00,2025-05-10 13:00:00
1405,스포츠,,2025-05-11 08:00:00,2025-05-11 11:00:00
1406,공부,,2025-05-11 11:00:00,2025-05-11 14:00:00
1407,실내활동,,2025-05-11 14:00:00,2025-05-11 17:00:00
1408,스포츠,,2025-05-11 17:00:00,2025-05-11 18:00:00
1409,저녁식사,,2025-05-11 18:00:00,2025-05-11 19:00:00
1410,공부,,2025-05-11 19:00:00,2025-05-11 21:00:00
1411,실내활동,,2025-05-11 21:00:00,2025-05-12 00:00:00
1412,점심식사,,2025-05-11 12:00:00,2025-05-11 13:00:00
1413,운동,,2025-05-12 08:00:00,2025-05-12 09:00:00
1414,공부,,2025-05-12 09:00:00,2025-05-12 12:00:00
1415,점심식사,,2025-05-12 12:00:00,2025-05-12 13:00:00
1416,공원,,2025-05-12 13:00:00,2025-05-12 15:00:00
1417,운동,,2025-05-12 15:00:00,2025-05-12 16:00:00
1418,공부,,2025-05-12 16:00:00,2025-05-12 17:00:00
1419,공원,,2025-05-12 17:00:00,2025-05-12 19:00:00
1420,운동,,2025-05-12 19:00:00,2025-05-12 20:00:00
1421,공부,,2025-05-12 20:00:00,2025-05-12 21:00:00
1422,공원,,2025-05-12 21:00:00,2025-05-12 22:00:00
1423,운동,,2025-05-12 22:00:00,2025-05-13 00:00:00
1424,저녁식사,,2025-05-12 18:00:00,2025-05-12 19:00:00
1425,스포츠,,2025-05-13 08:00:00,2025-05-13 10:00:00
1426,공부,,2025-05-13 10:00:00,2025-05-13 13:00:00
1427,실내활동,,2025-05-13 13:00:00,2025-05-13 16:00:00
1428,스포츠,,2025-05-13 16:00:00,2025-05-13 18:00:00
1429,저녁식사,,2025-05-13 18:00:00,2025-05-13 19:00:00
1430,공부,,2025-05-13 19:00:00,2025-05-13 22:00:00
1431,실내활동,,2025-05-13 22:00:00,2025-05-14 00:00:00
1432,점심식사,,2025-05-13 12:00:00,2025-05-13 13:00:00
1433,관람,,2025-05-14 08:00:00,2025-05-14 11:00:00
1434,운동,,2025-05-14 11:00:00,2025-05-14 12:00:00
1435,점심식사,,2025-05-14 12:00:00,2025-05-14 13:00:00
1436,실내활동,,2025-05-14 13:00:00,2025-05-14 15:00:00
1437,관람,,2025-05-14 15:00:00,2025-05-14 16:00:00
1438,운동,,2025-05-14 16:00:00,2025-05-14 17:00:00
1439,실내활동,,2025-05-14 17:00:00,2025-05-14 19:00:00
1440,관람,,2025-05-14 19:00:00,2025-05-14 21:00:00
1441,운동,,2025-05-14 21:00:00,2025-05-15 00:00:00
1442,저녁식사,,2025-05-14 18:00:00,2025-05-14 19:00:00
1443,운동,,2025-05-15 08:00:00,2025-05-15 09:00:00
1444,공부,,2025-05-15 09:00:00,2025-05-15 10:00:00
1445,공원,,2025-05-15 10:00:00,2025-05-15 11:00:00
1446,운동,,2025-05-15 11:00:00,2025-05-15 12:00:00
1447,점심식사,,2025-05-15 12:00:00,2025-05-15 13:00:00
1448,공부,,2025-05-15 13:00:00,2025-05-15 16:00:00
1449,공원,,2025-05-15 16:00:00,2025-05-15 17:00:00
1450,운동,,2025-05-15 17:00:00,2025-05-15 18:00:00
1451,저녁식사,,2025-05-15 18:00:00,2025-05-15 19:00:00
1452,공부,,2025-05-15 19:00:00,2025-05-15 20:00:00
1453,공원,,2025-05-15 20:00:00,2025-05-15 23:00:00
1454,운동,,2025-05-15 23:00:00,2025-05-16 00:00:00
1455,스포츠,,2025-05-16 08:00:00,2025-05-16 11:00:00
1456,공부,,2025-05-16 11:00:00,2025-05-16 14:00:00
1457,실내활동,,2025-05-16 14:00:00,2025-05-16 17:00:00
1458,스포츠,,2025-05-16 17:00:00,2025-05-16 18:00:00
1459,저녁식사,,2025-05-16 18:00:00,2025-05-16 19:00:00
1460,공부,,2025-05-16 19:00:00,2025-05-16 22:00:00
1461,실내활동,,2025-05-16 22:00:00,2025-05-17 00:00:00
1462,점심식사,,2025-05-16 12:00:00,2025-05-16 13:00:00
1463,관람,,2025-05-17 08:00:00,2025-05-17 11:00:00
1464,운동,,2025-05-17 11:00:00,2025-05-17 13:00:00
1465,실내활동,,2025-05-17 13:00:00,2025-05-17 15:00:00
1466,관람,,2025-05-17 15:00:00,2025-05-17 17:00:00
1467,운동,,2025-05-17 17:00:00,2025-05-17 20:00:00
1468,실내활동,,2025-05-17 20:00:00,2025-05-17 21:00:00
1469,관람,,2025-05-17 21:00:00,2025-05-17 22:00:00
1470,운동,,2025-05-17 22:00:00,2025-05-18 00:00:00
1471,점심식사,,2025-05-17 12:00:00,2025-05-17 13:00:00
1472,저녁식사,,2025-05-17 18:00:00,2025-05-17 19:00:00
1473,스포츠,,2025-05-18 08:00:00,2025-05-18 09:00:00
1474,공부,,2025-05-18 09:00:00,2025-05-18 11:00:00
1475,실내활동,,2025-05-18 11:00:00,2025-05-18 14:00:00
1476,스포츠,,2025-05-18 14:00:00,2025-05-18 15:00:00
1477,공부,,2025-05-18 15:00:00,2025-05-18 18:00:00
1478,저녁식사,,2025-05-18 18:00:00,2025-05-18 19:00:00
1479,실내활동,,2025-05-18 19:00:00,2025-05-18 21:00:00
1480,스포츠,,2025-05-18 21:00:00,2025-05-18 22:00:00
1481,공부,,2025-05-18 22:00:00,2025-05-18 23:00:00
1482,실내활동,,2025-05-18 23:00:00,2025-05-19 00:00:00
1483,점심식사,,2025-05-18 12:00:00,2025-05-18 13:00:00
1484,운동,,2025-05-19 08:00:00,2025-05-19 09:00:00
1485,공부,,2025-05-19 09:00:00,2025-05-19 11:00:00
1486,공원,,2025-05-19 11:00:00,2025-05-19 14:00:00
1487,운동,,2025-05-19 14:00:00,2025-05-19 16:00:00
1488,공부,,2025-05-19 16:00:00,2025-05-19 19:00:00
1489,공원,,2025-05-19 19:00:00,2025-05-19 22:00:00
1490,운동,,2025-05-19 22:00:00,2025-05-20 00:00:00
1491,점심식사,,2025-05-19 12:00:00,2025-05-19 13:00:00
1492,저녁식사,,2025-05-19 18:00:00,2025-05-19 19:00:00
1493,스포츠,,2025-05-20 08:00:00,2025-05-20 11:00:00
1494,공부,,2025-05-20 11:00:00,2025-05-20 14:00:00
1495,실내활동,,2025-05-20 14:00:00,2025-05-20 16:00:00
1496,스포츠,,2025-05-20 16:00:00,2025-05-20 17:00:00
1497,공부,,2025-05-20 17:00:00,2025-05-20 19:00:00
1498,실내활동,,2025-05-20 19:00:00,2025-05-20 21:00:00
1499,스포츠,,2025-05-20 21:00:00,2025-05-20 22:00:00
1500,공부,,2025-05-20 22:00:00,2025-05-21 00:00:00
1501,점심식사,,2025-05-20 12:00:00,2025-05-20 13:00:00
1502,저녁식사,,2025-05-20 18:00:00,2025-05-20 19:00:00
1503,관람,,2025-05-21 08:00:00,2025-05-21 10:00:00
1504,운동,,2025-05-21 10:00:00,2025-05-21 12:00:00
1505,점심식사,,2025-05-21 12:00:00,2025-05-21 13:00:00
1506,실내활동,,2025-05-21 13:00:00,2025-05-21 15:00:00
1507,관람,,2025-05-21 15:00:00,2025-05-21 18:00:00
1508,저녁식사,,2025-05-21 18:00:00,2025-05-21 19:00:00
1509,운동,,2025-05-21 19:00:00,2025-05-21 21:00:00
1510,실내활동,,2025-05-21 21:00:00,2025-05-21 22:00:00
1511,관람,,2025-05-21 22:00:00,2025-05-22 00:00:00
1512,운동,,2025-05-22 08:00:00,2025-05-22 09:00:00
1513,공부,,2025-05-22 09:00:00,2025-05-22 11:00:00
1514,공원,,2025-05-22 11:00:00,2025-05-22 13:00:00
1515,운동,,2025-05-22 13:00:00,2025-05-22 16:00:00
1516,공부,,2025-05-22 16:00:00,2025-05-22 17:00:00
1517,공원,,2025-05-22 17:00:00,2025-05-22 18:00:00
1518,저녁식사,,2025-05-22 18:00:00,2025-05-22 19:00:00
1519,운동,,2025-05-22 19:00:00,2025-05-22 21:00:00
1520,공부,,2025-05-22 21:00:00,2025-05-23 00:00:00
1521,점심식사,,2025-05-22 12:00:00,2025-05-22 13:00:00
1522,스포츠,,2025-05-23 08:00:00,2025-05-23 11:00:00
1523,공부,,2025-05-23 11:00:00,2025-05-23 12:00:00
1524,점심식사,,2025-05-23 12:00:00,2025-05-23 13:00:00
1525,실내활동,,2025-05-23 13:00:00,2025-05-23 15:00:00
1526,스포츠,,2025-05-23 15:00:00,2025-05-23 16:00:00
1527,공부,,2025-05-23 16:00:00,2025-05-23 17:00:00
1528,실내활동,,2025-05-23 17:00:00,2025-05-23 19:00:00
1529,스포츠,,2025-05-23 19:00:00,2025-05-23 20:00:00
1530,공부,,2025-05-23 20:00:00,2025-05-23 22:00:00
1531,실내활동,,2025-05-23 22:00:00,2025-05-24 00:00:00
1532,저녁식사,,2025-05-23 18:00:00,2025-05-23 19:00:00
1533,관람,,2025-05-24 08:00:00,2025-05-24 10:00:00
1534,운동,,2025-05-24 10:00:00,2025-05-24 11:00:00
1535,실내활동,,2025-05-24 11:00:00,2025-05-24 14:00:00
1536,관람,,2025-05-24 14:00:00,2025-05-24 16:00:00
1537,운동,,2025-05-24 16:00:00,2025-05-24 19:00:00
1538,실내활동,,2025-05-24 19:00:00,2025-05-24 20:00:00
1539,관람,,2025-05-24 20:00:00,2025-05-24 22:00:00
1540,운동,,2025-05-24 22:00:00,2025-05-25 00:00:00
1541,점심식사,,2025-05-24 12:00:00,2025-05-24 13:00:00
1542,저녁식사,,2025-05-24 18:00:00,2025-05-24 19:00:00
1543,스포츠,,2025-05-25 08:00:00,2025-05-25 09:00:00
1544,공부,,2025-05-25 09:00:00,2025-05-25 11:00:00
1545,실내활동,,2025-05-25 11:00:00,2025-05-25 13:00:00
1546,스포츠,,2025-05-25 13:00:00,2025-05-25 14:00:00
1547,공부,,2025-05-25 14:00:00,2025-05-25 15:00:00
1548,실내활동,,2025-05-25 15:00:00,2025-05-25 17:00:00
1549,스포츠,,2025-05-25 17:00:00,2025-05-25 18:00:00
1550,저녁식사,,2025-05-25 18:00:00,2025-05-25 19:00:00
1551,공부,,2025-05-25 19:00:00,2025-05-25 22:00:00
1552,실내활동,,2025-05-25 22:00:00,2025-05-25 23:00:00
1553,스포츠,,2025-05-25 23:00:00,2025-05-26 00:00:00
1554,점심식사,,2025-05-25 12:00:00,2025-05-25 13:00:00
1555,운동,,2025-05-26 08:00:00,2025-05-26 11:00:00
1556,공부,,2025-05-26 11:00:00,2025-05-26 14:00:00
1557,공원,,2025-05-26 14:00:00,2025-05-26 17:00:00
1558,운동,,2025-05-26 17:00:00,2025-05-26 19:00:00
1559,공부,,2025-05-26 19:00:00,2025-05-26 22:00:00
1560,공원,,2025-05-26 22:00:00,2025-05-27 00:00:00
1561,점심식사,,2025-05-26 12:00:00,2025-05-26 13:00:00
1562,저녁식사,,2025-05-26 18:00:00,2025-05-26 19:00:00
1563,스포츠,,2025-05-27 08:00:00,2025-05-27 09:00:00
1564,공부,,2025-05-27 09:00:00,2025-05-27 12:00:00
1565,점심식사,,2025-05-27 12:00:00,2025-05-27 13:00:00
1566,실내활동,,2025-05-27 13:00:00,2025-05-27 15:00:00
1567,스포츠,,2025-05-27 15:00:00,2025-05-27 16:00:00
1568,공부,,2025-05-27 16:00:00,2025-05-27 19:00:00
1569,실내활동,,2025-05-27 19:00:00,2025-05-27 22:00:00
1570,스포츠,,2025-05-27 22:00:00,2025-05-28 00:00:00
1571,저녁식사,,2025-05-27 18:00:00,2025-05-27 19:00:00
1572,관람,,2025-05-28 08:00:00,2025-05-28 11:00:00
1573,운동,,2025-05-28 11:00:00,2025-05-28 14:00:00
1574,실내활동,,2025-05-28 14:00:00,2025-05-28 15:00:00
1575,관람,,2025-05-28 15:00:00,2025-05-28 18:00:00
1576,저녁식사,,2025-05-28 18:00:00,2025-05-28 19:00:00
1577,운동,,2025-05-28 19:00:00,2025-05-28 20:00:00
1578,실내활동,,2025-05-28 20:00:00,2025-05-28 21:00:00
1579,관람,,2025-05-28 21:00:00,2025-05-29 00:00:00
1580,점심식사,,2025-05-28 12:00:00,2025-05-28 13:00:00
1581,운동,,2025-05-29 08:00:00,2025-05-29 09:00:00
1582,공부,,2025-05-29 09:00:00,2025-05-29 12:00:00
1583,점심식사,,2025-05-29 12:00:00,2025-05-29 13:00:00
1584,공원,,2025-05-29 13:00:00,2025-05-29 15:00:00
1585,운동,,2025-05-29 15:00:00,2025-05-29 18:00:00
1586,저녁식사,,2025-05-29 18:00:00,2025-05-29 19:00:00
1587,공부,,2025-05-29 19:00:00,2025-05-29 21:00:00
1588,공원,,2025-05-29 21:00:00,2025-05-29 22:00:00
1589,운동,,2025-05-29 22:00:00,2025-05-29 23:00:00
1590,공부,,2025-05-29 23:00:00,2025-05-30 00:00:00
1591,스포츠,,2025-05-30 08:00:00,2025-05-30 09:00:00
1592,공부,,2025-05-30 09:00:00,2025-05-30 12:00:00
1593,점심식사,,2025-05-30 12:00:00,2025-05-30 13:00:00
1594,실내활동,,2025-05-30 13:00:00,2025-05-30 14:00:00
1595,스포츠,,2025-05-30 14:00:00,2025-05-30 16:00:00
1596,공부,,2025-05-30 16:00:00,2025-05-30 19:00:00
1597,실내활동,,2025-05-30 19:00:00,2025-05-30 22:00:00
1598,스포츠,,2025-05-30 22:00:00,2025-05-31 00:00:00
1599,저녁식사,,2025-05-30 18:00:00,2025-05-30 19:00:00
1600,관람,,2025-05-31 08:00:00,2025-05-31 11:00:00
1601,운동,,2025-05-31 11:00:00,2025-05-31 14:00:00
1602,실내활동,,2025-05-31 14:00:00,2025-05-31 15:00:00
1603,관람,,2025-05-31 15:00:00,2025-05-31 16:00:00
1604,운동,,2025-05-31 16:00:00,2025-05-31 19:00:00
1605,실내활동,,2025-05-31 19:00:00,2025-05-31 21:00:00
1606,관람,,2025-05-31 21:00:00,2025-06-01 00:00:00
1607,점심식사,,2025-05-31 12:00:00,2025-05-31 13:00:00
1608,저녁식사,,2025-05-31 18:00:00,2025-05-31 19:00:00
1609,스포츠,,2025-06-01 08:00:00,2025-06-01 09:00:00
1610,공부,,2025-06-01 09:00:00,2025-06-01 11:00:00
1611,실내활동,,2025-06-01 11:00:00,2025-06-01 14:00:00
1612,스포츠,,2025-06-01 14:00:00,2025-06-01 15:00:00
1613,공부,,2025-06-01 15:00:00,2025-06-01 17:00:00
1614,실내활동,,2025-06-01 17:00:00,2025-06-01 19:00:00
1615,스포츠,,2025-06-01 19:00:00,2025-06-01 21:00:00
1616,공부,,2025-06-01 21:00:00,2025-06-01 23:00:00
1617,실내활동,,2025-06-01 23:00:00,2025-06-02 00:00:00
1618,점심식사,,2025-06-01 12:00:00,2025-06-01 13:00:00
1619,저녁식사,,2025-06-01 18:00:00,2025-06-01 19:00:00
1620,운동,,2025-06-02 08:00:00,2025-06-02 11:00:00
1621,공부,,2025-06-02 11:00:00,2025-06-02 12:00:00
1622,점심식사,,2025-06-02 12:00:00,2025-06-02 13:00:00
1623,공원,,2025-06-02 13:00:00,2025-06-02 15:00:00
1624,운동,,2025-06-02 15:00:00,2025-06-02 18:00:00
1625,저녁식사,,2025-06-02 18:00:00,2025-06-02 19:00:00
1626,공부,,2025-06-02 19:00:00,2025-06-02 21:00:00
1627,공원,,2025-06-02 21:00:00,2025-06-03 00:00:00
1628,스포츠,,2025-06-03 08:00:00,2025-06-03 11:00:00
1629,공부,,2025-06-03 11:00:00,2025-06-03 13:00:00
1630,실내활동,,2025-06-03 13:00:00,2025-06-03 14:00:00
1631,스포츠,,2025-06-03 14:00:00,2025-06-03 17:00:00
1632,공부,,2025-06-03 17:00:00,2025-06-03 18:00:00
1633,저녁식사,,2025-06-03 18:00:00,2025-06-03 19:00:00
1634,실내활동,,2025-06-03 19:00:00,2025-06-03 20:00:00
1635,스포츠,,2025-06-03 20:00:00,2025-06-03 22:00:00
1636,공부,,2025-06-03 22:00:00,2025-06-04 00:00:00
1637,점심식사,,2025-06-03 12:00:00,2025-06-03 13:00:00
1638,관람,,2025-06-04 08:00:00,2025-06-04 10:00:00
1639,운동,,2025-06-04 10:00:00,2025-06-04 11:00:00
1640,실내활동,,2025-06-04 11:00:00,2025-06-04 14:00:00
1641,관람,,2025-06-04 14:00:00,2025-06-04 17:00:00
1642,운동,,2025-06-04 17:00:00,2025-06-04 20:00:00
1643,실내활동,,2025-06-04 20:00:00,2025-06-04 21:00:00
1644,관람,,2025-06-04 21:00:00,2025-06-04 23:00:00
1645,운동,,2025-06-04 23:00:00,2025-06-05 00:00:00
1646,점심식사,,2025-06-04 12:00:00,2025-06-04 13:00:00
1647,저녁식사,,2025-06-04 18:00:00,2025-06-04 19:00:00
1648,운동,,2025-06-05 08:00:00,2025-06-05 09:00:00
1649,공부,,2025-06-05 09:00:00,2025-06-05 10:00:00
1650,공원,,2025-06-05 10:00:00,2025-06-05 11:00:00
1651,운동,,2025-06-05 11:00:00,2025-06-05 12:00:00
1652,점심식사,,2025-06-05 12:00:00,2025-06-05 13:00:00
1653,공부,,2025-06-05 13:00:00,2025-06-05 16:00:00
1654,공원,,2025-06-05 16:00:00,2025-06-05 17:00:00
1655,운동,,2025-06-05 17:00:00,2025-06-05 19:00:00
1656,공부,,2025-06-05 19:00:00,2025-06-05 21:00:00
1657,공원,,2025-06-05 21:00:00,2025-06-06 00:00:00
1658,저녁식사,,2025-06-05 18:00:00,2025-06-05 19:00:00
1659,스포츠,,2025-06-06 08:00:00,2025-06-06 10:00:00
1660,공부,,2025-06-06 10:00:00,2025-06-06 12:00:00
1661,점심식사,,2025-06-06 12:00:00,2025-06-06 13:00:00
1662,실내활동,,2025-06-06 13:00:00,2025-06-06 14:00:00
1663,스포츠,,2025-06-06 14:00:00,2025-06-06 15:00:00
1664,공부,,2025-06-06 15:00:00,2025-06-06 17:00:00
1665,실내활동,,2025-06-06 17:00:00,2025-06-06 18:00:00
1666,저녁식사,,2025-06-06 18:00:00,2025-06-06 19:00:00
1667,스포츠,,2025-06-06 19:00:00,2025-06-06 22:00:00
1668,공부,,2025-06-06 22:00:00,2025-06-07 00:00:00
1669,관람,,2025-06-07 08:00:00,2025-06-07 11:00:00
1670,운동,,2025-06-07 11:00:00,2025-06-07 13:00:00
1671,실내활동,,2025-06-07 13:00:00,2025-06-07 15:00:00
1672,관람,,2025-06-07 15:00:00,2025-06-07 16:00:00
1673,운동,,2025-06-07 16:00:00,2025-06-07 17:00:00
1674,실내활동,,2025-06-07 17:00:00,2025-06-07 19:00:00
1675,관람,,2025-06-07 19:00:00,2025-06-07 21:00:00
1676,운동,,2025-06-07 21:00:00,2025-06-07 22:00:00
1677,실내활동,,2025-06-07 22:00:00,2025-06-08 00:00:00
1678,점심식사,,2025-06-07 12:00:00,2025-06-07 13:00:00
1679,저녁식사,,2025-06-07 18:00:00,2025-06-07 19:00:00
1680,스포츠,,2025-06-08 08:00:00,2025-06-08 11:00:00
1681,공부,,2025-06-08 11:00:00,2025-06-08 14:00:00
1682,실내활동,,2025-06-08 14:00:00,2025-06-08 17:00:00
1683,스포츠,,2025-06-08 17:00:00,2025-06-08 19:00:00
1684,공부,,2025-06-08 19:00:00,2025-06-08 20:00:00
1685,실내활동,,2025-06-08 20:00:00,2025-06-08 21:00:00
1686,스포츠,,2025-06-08 21:00:00,2025-06-08 22:00:00
1687,공부,,2025-06-08 22:00:00,2025-06-09 00:00:00
1688,점심식사,,2025-06-08 12:00:00,2025-06-08 13:00:00
1689,저녁식사,,2025-06-08 18:00:00,2025-06-08 19:00:00
1690,운동,,2025-06-09 08:00:00,2025-06-09 11:00:00
1691,공부,,2025-06-09 11:00:00,2025-06-09 13:00:00
1692,공원,,2025-06-09 13:00:00,2025-06-09 16:00:00
1693,운동,,2025-06-09 16:00:00,2025-06-09 19:00:00
1694,공부,,2025-06-09 19:00:00,2025-06-09 20:00:00
1695,공원,,2025-06-09 20:00:00,2025-06-09 22:00:00
1696,운동,,2025-06-09 22:00:00,2025-06-09 23:00:00
1697,공부,,2025-06-09 23:00:00,2025-06-10 00:00:00
1698,점심식사,,2025-06-09 12:00:00,2025-06-09 13:00:00
1699,저녁식사,,2025-06-09 18:00:00,2025-06-09 19:00:00
1700,스포츠,,2025-06-10 08:00:00,2025-06-10 11:00:00
1701,공부,,2025-06-10 11:00:00,2025-06-10 14:00:00
1702,실내활동,,2025-06-10 14:00:00,2025-06-10 15:00:00
1703,스포츠,,2025-06-10 15:00:00,2025-06-10 16:00:00
1704,공부,,2025-06-10 16:00:00,2025-06-10 17:00:00
1705,실내활동,,2025-06-10 17:00:00,2025-06-10 18:00:00
1706,저녁식사,,2025-06-10 18:00:00,2025-06-10 19:00:00
1707,스포츠,,2025-06-10 19:00:00,2025-06-10 20:00:00
1708,공부,,2025-06-10 20:00:00,2025-06-10 22:00:00
1709,실내활동,,2025-06-10 22:00:00,2025-06-11 00:00:00
1710,점심식사,,2025-06-10 12:00:00,2025-06-10 13:00:00
1711,관람,,2025-06-11 08:00:00,2025-06-11 10:00:00
1712,운동,,2025-06-11 10:00:00,2025-06-11 12:00:00
1713,점심식사,,2025-06-11 12:00:00,2025-06-11 13:00:00
1714,실내활동,,2025-06-11 13:00:00,2025-06-11 16:00:00
1715,관람,,2025-06-11 16:00:00,2025-06-11 18:00:00
1716,저녁식사,,2025-06-11 18:00:00,2025-06-11 19:00:00
1717,운동,,2025-06-11 19:00:00,2025-06-11 22:00:00
1718,실내활동,,2025-06-11 22:00:00,2025-06-12 00:00:00
1719,운동,,2025-06-12 08:00:00,2025-06-12 10:00:00
1720,공부,,2025-06-12 10:00:00,2025-06-12 11:00:00
1721,공원,,2025-06-12 11:00:00,2025-06-12 12:00:00
1722,점심식사,,2025-06-12 12:00:00,2025-06-12 13:00:00
1723,운동,,2025-06-12 13:00:00,2025-06-12 16:00:00
1724,공부,,2025-06-12 16:00:00,2025-06-12 17:00:00
1725,공원,,2025-06-12 17:00:00,2025-06-12 20:00:00
1726,운동,,2025-06-12 20:00:00,2025-06-12 21:00:00
1727,공부,,2025-06-12 21:00:00,2025-06-12 22:00:00
1728,공원,,2025-06-12 22:00:00,2025-06-12 23:00:00
1729,운동,,2025-06-12 23:00:00,2025-06-13 00:00:00
1730,저녁식사,,2025-06-12 18:00:00,2025-06-12 19:00:00
1731,스포츠,,2025-06-13 08:00:00,2025-06-13 11:00:00
1732,공부,,2025-06-13 11:00:00,2025-06-13 13:00:00
1733,실내활동,,2025-06-13 13:00:00,2025-06-13 15:00:00
1734,스포츠,,2025-06-13 15:00:00,2025-06-13 16:00:00
1735,공부,,2025-06-13 16:00:00,2025-06-13 19:00:00
1736,실내활동,,2025-06-13 19:00:00,2025-06-13 22:00:00
1737,스포츠,,2025-06-13 22:00:00,2025-06-14 00:00:00
1738,점심식사,,2025-06-13 12:00:00,2025-06-13 13:00:00
1739,저녁식사,,2025-06-13 18:00:00,2025-06-13 19:00:00
1740,관람,,2025-06-14 08:00:00,2025-06-14 09:00:00
1741,운동,,2025-06-14 09:00:00,2025-06-14 11:00:00
1742,실내활동,,2025-06-14 11:00:00,2025-06-14 14:00:00
1743,관람,,2025-06-14 14:00:00,2025-06-14 16:00:00
1744,운동,,2025-06-14 16:00:00,2025-06-14 18:00:00
1745,저녁식사,,2025-06-14 18:00:00,2025-06-14 19:00:00
1746,실내활동,,2025-06-14 19:00:00,2025-06-14 20:00:00
1747,관람,,2025-06-14 20:00:00,2025-06-14 23:00:00
1748,운동,,2025-06-14 23:00:00,2025-06-15 00:00:00
1749,점심식사,,2025-06-14 12:00:00,2025-06-14 13:00:00
1750,스포츠,,2025-06-15 08:00:00,2025-06-15 09:00:00
1751,공부,,2025-06-15 09:00:00,2025-06-15 12:00:00
1752,점심식사,,2025-06-15 12:00:00,2025-06-15 13:00:00
1753,실내활동,,2025-06-15 13:00:00,2025-06-15 14:00:00
1754,스포츠,,2025-06-15 14:00:00,2025-06-15 15:00:00
1755,공부,,2025-06-15 15:00:00,2025-06-15 18:00:00
1756,저녁식사,,2025-06-15 18:00:00,2025-06-15 19:00:00
1757,실내활동,,2025-06-15 19:00:00,2025-06-15 20:00:00
1758,스포츠,,2025-06-15 20:00:00,2025-06-15 22:00:00
1759,공부,,2025-06-15 22:00:00,2025-06-16 00:00:00
1760,운동,,2025-06-16 08:00:00,2025-06-16 09:00:00
1761,공부,,2025-06-16 09:00:00,2025-06-16 10:00:00
1762,공원,,2025-06-16 10:00:00,2025-06-16 12:00:00
1763,점심식사,,2025-06-16 12:00:00,2025-06-16 13:00:00
1764,운동,,2025-06-16 13:00:00,2025-06-16 14:00:00
1765,공부,,2025-06-16 14:00:00,2025-06-16 17:00:00
1766,공원,,2025-06-16 17:00:00,2025-06-16 18:00:00
1767,저녁식사,,2025-06-16 18:00:00,2025-06-16 19:00:00
1768,운동,,2025-06-16 19:00:00,2025-06-16 20:00:00
1769,공부,,2025-06-16 20:00:00,2025-06-16 23:00:00
1770,공원,,2025-06-16 23:00:00,2025-06-17 00:00:00
1771,스포츠,,2025-06-17 08:00:00,2025-06-17 09:00:00
1772,공부,,2025-06-17 09:00:00,2025-06-17 11:00:00
1773,실내활동,,2025-06-17 11:00:00,2025-06-17 14:00:00
1774,스포츠,,2025-06-17 14:00:00,2025-06-17 17:00:00
1775,공부,,2025-06-17 17:00:00,2025-06-17 18:00:00
1776,저녁식사,,2025-06-17 18:00:00,2025-06-17 19:00:00
1777,실내활동,,2025-06-17 19:00:00,2025-06-17 21:00:00
1778,스포츠,,2025-06-17 21:00:00,2025-06-17 23:00:00
1779,공부,,2025-06-17 23:00:00,2025-06-18 00:00:00
1780,점심식사,,2025-06-17 12:00:00,2025-06-17 13:00:00
1781,관람,,2025-06-18 08:00:00,2025-06-18 11:00:00
1782,운동,,2025-06-18 11:00:00,2025-06-18 14:00:00
1783,실내활동,,2025-06-18 14:00:00,2025-06-18 17:00:00
1784,관람,,2025-06-18 17:00:00,2025-06-18 18:00:00
1785,저녁식사,,2025-06-18 18:00:00,2025-06-18 19:00:00
1786,운동,,2025-06-18 19:00:00,2025-06-18 21:00:00
1787,실내활동,,2025-06-18 21:00:00,2025-06-18 22:00:00
1788,관람,,2025-06-18 22:00:00,2025-06-19 00:00:00
1789,점심식사,,2025-06-18 12:00:00,2025-06-18 13:00:00
1790,운동,,2025-06-19 08:00:00,2025-06-19 09:00:00
1791,공부,,2025-06-19 09:00:00,2025-06-19 11:00:00
1792,공원,,2025-06-19 11:00:00,2025-06-19 12:00:00
1793,점심식사,,2025-06-19 12:00:00,2025-06-19 13:00:00
1794,운동,,2025-06-19 13:00:00,2025-06-19 14:00:00
1795,공부,,2025-06-19 14:00:00,2025-06-19 15:00:00
1796,공원,,2025-06-19 15:00:00,2025-06-19 16:00:00
1797,운동,,2025-06-19 16:00:00,2025-06-19 18:00:00
1798,저녁식사,,2025-06-19 18:00:00,2025-06-19 19:00:00
1799,공부,,2025-06-19 19:00:00,2025-06-19 22:00:00
1800,공원,,2025-06-19 22:00:00,2025-06-19 23:00:00
1801,운동,,2025-06-19 23:00:00,2025-06-20 00:00:00
1802,스포츠,,2025-06-20 08:00:00,2025-06-20 09:00:00
1803,공부,,2025-06-20 09:00:00,2025-06-20 12:00:00
1804,점심식사,,2025-06-20 12:00:00,2025-06-20 13:00:00
1805,실내활동,,2025-06-20 13:00:00,2025-06-20 15:00:00
1806,스포츠,,2025-06-20 15:00:00,2025-06-20 18:00:00
1807,저녁식사,,2025-06-20 18:00:00,2025-06-20 19:00:00
1808,공부,,2025-06-20 19:00:00,2025-06-20 22:00:00
1809,실내활동,,2025-06-20 22:00:00,2025-06-20 23:00:00
1810,스포츠,,2025-06-20 23:00:00,2025-06-21 00:00:00
1811,관람,,2025-06-21 08:00:00,2025-06-21 10:00:00
1812,운동,,2025-06-21 10:00:00,2025-06-21 13:00:00
1813,실내활동,,2025-06-21 13:00:00,2025-06-21 16:00:00
1814,관람,,2025-06-21 16:00:00,2025-06-21 17:00:00
1815,운동,,2025-06-21 17:00:00,2025-06-21 20:00:00
1816,실내활동,,2025-06-21 20:00:00,2025-06-21 21:00:00
1817,관람,,2025-06-21 21:00:00,2025-06-21 22:00:00
1818,운동,,2025-06-21 22:00:00,2025-06-21 23:00:00
1819,실내활동,,2025-06-21 23:00:00,2025-06-22 00:00:00
1820,점심식사,,2025-06-21 12:00:00,2025-06-21 13:00:00
1821,저녁식사,,2025-06-21 18:00:00,2025-06-21 19:00:00
1822,스포츠,,2025-06-22 08:00:00,2025-06-22 11:00:00
1823,공부,,2025-06-22 11:00:00,2025-06-22 12:00:00
1824,점심식사,,2025-06-22 12:00:00,2025-06-22 13:00:00
1825,실내활동,,2025-06-22 13:00:00,2025-06-22 15:00:00
1826,스포츠,,2025-06-22 15:00:00,2025-06-22 18:00:00
1827,저녁식사,,2025-06-22 18:00:00,2025-06-22 19:00:00
1828,공부,,2025-06-22 19:00:00,2025-06-22 20:00:00
1829,실내활동,,2025-06-22 20:00:00,2025-06-22 23:00:00
1830,스포츠,,2025-06-22 23:00:00,2025-06-23 00:00:00
1831,운동,,2025-06-23 08:00:00,2025-06-23 10:00:00
1832,공부,,2025-06-23 10:00:00,2025-06-23 12:00:00
1833,점심식사,,2025-06-23 12:00:00,2025-06-23 13:00:00
1834,공원,,2025-06-23 13:00:00,2025-06-23 16:00:00
1835,운동,,2025-06-23 16:00:00,2025-06-23 18:00:00
1836,저녁식사,,2025-06-23 18:00:00,2025-06-23 19:00:00
1837,공부,,2025-06-23 19:00:00,2025-06-23 20:00:00
1838,공원,,2025-06-23 20:00:00,2025-06-23 21:00:00
1839,운동,,2025-06-23 21:00:00,2025-06-23 22:00:00
1840,공부,,2025-06-23 22:00:00,2025-06-24 00:00:00
1841,스포츠,,2025-06-24 08:00:00,2025-06-24 09:00:00
1842,공부,,2025-06-24 09:00:00,2025-06-24 11:00:00
1843,실내활동,,2025-06-24 11:00:00,2025-06-24 13:00:00
1844,스포츠,,2025-06-24 13:00:00,2025-06-24 15:00:00
1845,공부,,2025-06-24 15:00:00,2025-06-24 17:00:00
1846,실내활동,,2025-06-24 17:00:00,2025-06-24 19:00:00
1847,스포츠,,2025-06-24 19:00:00,2025-06-24 21:00:00
1848,공부,,2025-06-24 21:00:00,2025-06-24 23:00:00
1849,실내활동,,2025-06-24 23:00:00,2025-06-25 00:00:00
1850,점심식사,,2025-06-24 12:00:00,2025-06-24 13:00:00
1851,저녁식사,,2025-06-24 18:00:00,2025-06-24 19:00:00
1852,관람,,2025-06-25 08:00:00,2025-06-25 09:00:00
1853,운동,,2025-06-25 09:00:00,2025-06-25 12:00:00
1854,점심식사,,2025-06-25 12:00:00,2025-06-25 13:00:00
1855,실내활동,,2025-06-25 13:00:00,2025-06-25 14:00:00
1856,관람,,2025-06-25 14:00:00,2025-06-25 15:00:00
1857,운동,,2025-06-25 15:00:00,2025-06-25 18:00:00
1858,저녁식사,,2025-06-25 18:00:00,2025-06-25 19:00:00
1859,실내활동,,2025-06-25 19:00:00,2025-06-25 22:00:00
1860,관람,,2025-06-25 22:00:00,2025-06-25 23:00:00
1861,운동,,2025-06-25 23:00:00,2025-06-26 00:00:00
1862,운동,,2025-06-26 08:00:00,2025-06-26 10:00:00
1863,공부,,2025-06-26 10:00:00,2025-06-26 12:00:00
1864,점심식사,,2025-06-26 12:00:00,2025-06-26 13:00:00
1865,공원,,2025-06-26 13:00:00,2025-06-26 16:00:00
1866,운동,,2025-06-26 16:00:00,2025-06-26 17:00:00
1867,공부,,2025-06-26 17:00:00,2025-06-26 18:00:00
1868,저녁식사,,2025-06-26 18:00:00,2025-06-26 19:00:00
1869,공원,,2025-06-26 19:00:00,2025-06-26 20:00:00
1870,운동,,2025-06-26 20:00:00,2025-06-26 23:00:00
1871,공부,,2025-06-26 23:00:00,2025-06-27 00:00:00
1872,스포츠,,2025-06-27 08:00:00,2025-06-27 10:00:00
1873,공부,,2025-06-27 10:00:00,2025-06-27 12:00:00
1874,점심식사,,2025-06-27 12:00:00,2025-06-27 13:00:00
1875,실내활동,,2025-06-27 13:00:00,2025-06-27 16:00:00
1876,스포츠,,2025-06-27 16:00:00,2025-06-27 17:00:00
1877,공부,,2025-06-27 17:00:00,2025-06-27 20:00:00
1878,실내활동,,2025-06-27 20:00:00,2025-06-27 23:00:00
1879,스포츠,,2025-06-27 23:00:00,2025-06-28 00:00:00
1880,저녁식사,,2025-06-27 18:00:00,2025-06-27 19:00:00
1881,관람,,2025-06-28 08:00:00,2025-06-28 10:00:00
1882,운동,,2025-06-28 10:00:00,2025-06-28 13:00:00
1883,실내활동,,2025-06-28 13:00:00,2025-06-28 16:00:00
1884,관람,,2025-06-28 16:00:00,2025-06-28 18:00:00
1885,저녁식사,,2025-06-28 18:00:00,2025-06-28 19:00:00
1886,운동,,2025-06-28 19:00:00,2025-06-28 22:00:00
1887,실내활동,,2025-06-28 22:00:00,2025-06-29 00:00:00
1888,점심식사,,2025-06-28 12:00:00,2025-06-28 13:00:00
1889,스포츠,,2025-06-29 08:00:00,2025-06-29 10:00:00
1890,공부,,2025-06-29 10:00:00,2025-06-29 13:00:00
1891,실내활동,,2025-06-29 13:00:00,2025-06-29 14:00:00
1892,스포츠,,2025-06-29 14:00:00,2025-06-29 16:00:00
1893,공부,,2025-06-29 16:00:00,2025-06-29 17:00:00
1894,실내활동,,2025-06-29 17:00:00,2025-06-29 19:00:00
1895,스포츠,,2025-06-29 19:00:00,2025-06-29 21:00:00
1896,공부,,2025-06-29 21:00:00,2025-06-29 23:00:00
1897,실내활동,,2025-06-29 23:00:00,2025-06-30 00:00:00
1898,점심식사,,2025-06-29 12:00:00,2025-06-29 13:00:00
1899,저녁식사,,2025-06-29 18:00:00,2025-06-29 19:00:00
1900,운동,,2025-06-30 08:00:00,2025-06-30 11:00:00
1901,공부,,2025-06-30 11:00:00,2025-06-30 14:00:00
1902,공원,,2025-06-30 14:00:00,2025-06-30 16:00:00
1903,운동,,2025-06-30 16:00:00,2025-06-30 18:00:00
1904,저녁식사,,2025-06-30 18:00:00,2025-06-30 19:00:00
1905,공부,,2025-06-30 19:00:00,2025-06-30 22:00:00
1906,공원,,2025-06-30 22:00:00,2025-07-01 00:00:00
1907,점심식사,,2025-06-30 12:00:00,2025-06-30 13:00:00
1908,스포츠,,2025-07-01 08:00:00,2025-07-01 11:00:00
1909,공부,,2025-07-01 11:00:00,2025-07-01 12:00:00
1910,점심식사,,2025-07-01 12:00:00,2025-07-01 13:00:00
1911,실내활동,,2025-07-01 13:00:00,2025-07-01 15:00:00
1912,스포츠,,2025-07-01 15:00:00,2025-07-01 17:00:00
1913,공부,,2025-07-01 17:00:00,2025-07-01 20:00:00
1914,실내활동,,2025-07-01 20:00:00,2025-07-01 22:00:00
1915,스포츠,,2025-07-01 22:00:00,2025-07-02 00:00:00
1916,저녁식사,,2025-07-01 18:00:00,2025-07-01 19:00:00
1917,관람,,2025-07-02 08:00:00,2025-07-02 11:00:00
1918,운동,,2025-07-02 11:00:00,2025-07-02 13:00:00
1919,실내활동,,2025-07-02 13:00:00,2025-07-02 14:00:00
1920,관람,,2025-07-02 14:00:00,2025-07-02 17:00:00
1921,운동,,2025-07-02 17:00:00,2025-07-02 19:00:00
1922,실내활동,,2025-07-02 19:00:00,2025-07-02 20:00:00
1923,관람,,2025-07-02 20:00:00,2025-07-02 21:00:00
1924,운동,,2025-07-02 21:00:00,2025-07-02 22:00:00
1925,실내활동,,2025-07-02 22:00:00,2025-07-02 23:00:00
1926,관람,,2025-07-02 23:00:00,2025-07-03 00:00:00
1927,점심식사,,2025-07-02 12:00:00,2025-07-02 13:00:00
1928,저녁식사,,2025-07-02 18:00:00,2025-07-02 19:00:00
1929,운동,,2025-07-03 08:00:00,2025-07-03 09:00:00
1930,공부,,2025-07-03 09:00:00,2025-07-03 10:00:00
1931,공원,,2025-07-03 10:00:00,2025-07-03 11:00:00
1932,운동,,2025-07-03 11:00:00,2025-07-03 14:00:00
1933,공부,,2025-07-03 14:00:00,2025-07-03 17:00:00
1934,공원,,2025-07-03 17:00:00,2025-07-03 19:00:00
1935,운동,,2025-07-03 19:00:00,2025-07-03 22:00:00
1936,공부,,2025-07-03 22:00:00,2025-07-03 23:00:00
1937,공원,,2025-07-03 23:00:00,2025-07-04 00:00:00
1938,점심식사,,2025-07-03 12:00:00,2025-07-03 13:00:00
1939,저녁식사,,2025-07-03 18:00:00,2025-07-03 19:00:00
1940,스포츠,,2025-07-04 08:00:00,2025-07-04 11:00:00
1941,공부,,2025-07-04 11:00:00,2025-07-04 14:00:00
1942,실내활동,,2025-07-04 14:00:00,2025-07-04 16:00:00
1943,스포츠,,2025-07-04 16:00:00,2025-07-04 19:00:00
1944,공부,,2025-07-04 19:00:00,2025-07-04 20:00:00
1945,실내활동,,2025-07-04 20:00:00,2025-07-04 23:00:00
1946,스포츠,,2025-07-04 23:00:00,2025-07-05 00:00:00
1947,점심식사,,2025-07-04 12:00:00,2025-07-04 13:00:00
1948,저녁식사,,2025-07-04 18:00:00,2025-07-04 19:00:00
1949,관람,,2025-07-05 08:00:00,2025-07-05 10:00:00
1950,운동,,2025-07-05 10:00:00,2025-07-05 13:00:00
1951,실내활동,,2025-07-05 13:00:00,2025-07-05 14:00:00
1952,관람,,2025-07-05 14:00:00,2025-07-05 15:00:00
1953,운동,,2025-07-05 15:00:00,2025-07-05 18:00:00
1954,저녁식사,,2025-07-05 18:00:00,2025-07-05 19:00:00
1955,실내활동,,2025-07-05 19:00:00,2025-07-05 21:00:00
1956,관람,,2025-07-05 21:00:00,2025-07-05 23:00:00
1957,운동,,2025-07-05 23:00:00,2025-07-06 00:00:00
1958,점심식사,,2025-07-05 12:00:00,2025-07-05 13:00:00
1959,스포츠,,2025-07-06 08:00:00,2025-07-06 10:00:00
1960,공부,,2025-07-06 10:00:00,2025-07-06 11:00:00
1961,실내활동,,2025-07-06 11:00:00,2025-07-06 14:00:00
1962,스포츠,,2025-07-06 14:00:00,2025-07-06 17:00:00
1963,공부,,2025-07-06 17:00:00,2025-07-06 18:00:00
1964,저녁식사,,2025-07-06 18:00:00,2025-07-06 19:00:00
1965,실내활동,,2025-07-06 19:00:00,2025-07-06 20:00:00
1966,스포츠,,2025-07-06 20:00:00,2025-07-06 22:00:00
1967,공부,,2025-07-06 22:00:00,2025-07-07 00:00:00
1968,점심식사,,2025-07-06 12:00:00,2025-07-06 13:00:00
1969,운동,,2025-07-07 08:00:00,2025-07-07 09:00:00
1970,공부,,2025-07-07 09:00:00,2025-07-07 11:00:00
1971,공원,,2025-07-07 11:00:00,2025-07-07 12:00:00
1972,점심식사,,2025-07-07 12:00:00,2025-07-07 13:00:00
1973,운동,,2025-07-07 13:00:00,2025-07-07 16:00:00
1974,공부,,2025-07-07 16:00:00,2025-07-07 18:00:00
1975,저녁식사,,2025-07-07 18:00:00,2025-07-07 19:00:00
1976,공원,,2025-07-07 19:00:00,2025-07-07 22:00:00
1977,운동,,2025-07-07 22:00:00,2025-07-08 00:00:00
1978,스포츠,,2025-07-08 08:00:00,2025-07-08 10:00:00
1979,공부,,2025-07-08 10:00:00,2025-07-08 11:00:00
1980,실내활동,,2025-07-08 11:00:00,2025-07-08 14:00:00
1981,스포츠,,2025-07-08 14:00:00,2025-07-08 17:00:00
1982,공부,,2025-07-08 17:00:00,2025-07-08 19:00:00
1983,실내활동,,2025-07-08 19:00:00,2025-07-08 22:00:00
1984,스포츠,,2025-07-08 22:00:00,2025-07-09 00:00:00
1985,점심식사,,2025-07-08 12:00:00,2025-07-08 13:00:00
1986,저녁식사,,2025-07-08 18:00:00,2025-07-08 19:00:00
1987,관람,,2025-07-09 08:00:00,2025-07-09 11:00:00
1988,운동,,2025-07-09 11:00:00,2025-07-09 13:00:00
1989,실내활동,,2025-07-09 13:00:00,2025-07-09 15:00:00
1990,관람,,2025-07-09 15:00:00,2025-07-09 16:00:00
1991,운동,,2025-07-09 16:00:00,2025-07-09 17:00:00
1992,실내활동,,2025-07-09 17:00:00,2025-07-09 19:00:00
1993,관람,,2025-07-09 19:00:00,2025-07-09 21:00:00
1994,운동,,2025-07-09 21:00:00,2025-07-09 22:00:00
1995,실내활동,,2025-07-09 22:00:00,2025-07-10 00:00:00
1996,점심식사,,2025-07-09 12:00:00,2025-07-09 13:00:00
1997,저녁식사,,2025-07-09 18:00:00,2025-07-09 19:00:00
1998,운동,,2025-07-10 08:00:00,2025-07-10 10:00:00
1999,공부,,2025-07-10 10:00:00,2025-07-10 13:00:00
2000,공원,,2025-07-10 13:00:00,2025-07-10 16:00:00
2001,운동,,2025-07-10 16:00:00,2025-07-10 19:00:00
2002,공부,,2025-07-10 19:00:00,2025-07-10 21:00:00
2003,공원,,2025-07-10 21:00:00,2025-07-11 00:00:00
2004,점심식사,,2025-07-10 12:00:00,2025-07-10 13:00:00
2005,저녁식사,,2025-07-10 18:00:00,2025-07-10 19:00:00
